DistName,Students Enrolled in Texas Public 4-year Universities,,Students Enrolled in Texas Public 2-year Colleges,,Students Not Located in Texas Public Higher Education,,Total High School Graduates,
057829   A+ ACADEMY,*,*,*,*,21,55.3%,38,100.0%
109901   ABBOTT ISD,6,31.6%,7,36.8%,6,31.6%,19,100.0%
095901   ABERNATHY ISD,10,22.2%,18,40.0%,17,37.8%,45,100.0%
221901   ABILENE ISD,127,12.3%,259,25.2%,643,62.5%,"1,029",100.0%
014901   ACADEMY ISD,14,19.4%,31,43.1%,27,37.5%,72,100.0%
015816   ACADEMY OF CAREERS AND TECHNOLOGIE,*,*,*,*,20,69.0%,29,100.0%
180903   ADRIAN ISD,*,*,*,*,*,*,8,100.0%
057806   ADVANTAGE ACADEMY,*,*,*,*,31,59.6%,52,100.0%
178901   AGUA DULCE ISD,6,31.6%,5,26.3%,8,42.1%,19,100.0%
015901   ALAMO HEIGHTS ISD,101,27.0%,86,23.0%,187,50.0%,374,100.0%
250906   ALBA-GOLDEN ISD,18,23.4%,26,33.8%,33,42.9%,77,100.0%
209901   ALBANY ISD,7,22.6%,8,25.8%,16,51.6%,31,100.0%
101902   ALDINE ISD,523,17.6%,879,29.5%,"1,578",53.0%,"2,980",100.0%
184907   ALEDO ISD,90,22.9%,144,36.6%,159,40.5%,393,100.0%
125901   ALICE ISD,72,29.4%,60,24.5%,113,46.1%,245,100.0%
101903   ALIEF ISD,455,18.8%,621,25.6%,"1,349",55.6%,"2,425",100.0%
043901   ALLEN ISD,271,22.3%,414,34.1%,530,43.6%,"1,215",100.0%
057832   ALPHA CHARTER SCHOOL,,,6,22.2%,21,77.8%,27,100.0%
022901   ALPINE ISD,29,38.7%,8,10.7%,38,50.7%,75,100.0%
037901   ALTO ISD,8,17.8%,15,33.3%,22,48.9%,45,100.0%
126901   ALVARADO ISD,29,14.3%,40,19.7%,134,66.0%,203,100.0%
020901   ALVIN ISD,164,16.1%,359,35.2%,498,48.8%,"1,021",100.0%
249901   ALVORD ISD,14,26.9%,14,26.9%,24,46.2%,52,100.0%
188901   AMARILLO ISD,248,14.2%,689,39.5%,806,46.2%,"1,743",100.0%
227801   AMERICAN YOUTHWORKS CHARTER SCHOOL,*,*,*,*,23,74.2%,31,100.0%
140901   AMHERST ISD,*,*,*,*,*,*,8,100.0%
036901   ANAHUAC ISD,15,17.7%,26,30.6%,44,51.8%,85,100.0%
093901   ANDERSON-SHIRO CISD,13,23.6%,14,25.5%,28,50.9%,55,100.0%
002901   ANDREWS ISD,34,14.4%,45,19.0%,158,66.7%,237,100.0%
020902   ANGLETON ISD,54,13.4%,133,32.9%,217,53.7%,404,100.0%
043902   ANNA ISD,12,9.4%,48,37.5%,68,53.1%,128,100.0%
127901   ANSON ISD,6,12.5%,12,25.0%,30,62.5%,48,100.0%
071906   ANTHONY ISD,7,14.6%,8,16.7%,33,68.8%,48,100.0%
110901   ANTON ISD,*,*,*,*,10,47.6%,21,100.0%
228905   APPLE SPRINGS ISD,*,*,*,*,8,50.0%,16,100.0%
109912   AQUILLA ISD,*,*,*,*,6,35.3%,17,100.0%
004901   ARANSAS COUNTY ISD,51,25.4%,38,18.9%,112,55.7%,201,100.0%
205901   ARANSAS PASS ISD,24,22.4%,15,14.0%,68,63.6%,107,100.0%
005901   ARCHER CITY ISD,5,12.8%,12,30.8%,22,56.4%,39,100.0%
061910   ARGYLE ISD,68,42.0%,42,25.9%,52,32.1%,162,100.0%
220901   ARLINGTON ISD,749,20.7%,"1,163",32.2%,"1,704",47.1%,"3,616",100.0%
212901   ARP ISD,7,10.5%,27,40.3%,33,49.3%,67,100.0%
217901   ASPERMONT ISD,*,*,*,*,8,57.1%,14,100.0%
107901   ATHENS ISD,32,17.0%,68,36.2%,88,46.8%,188,100.0%
034901   ATLANTA ISD,28,26.7%,26,24.8%,51,48.6%,105,100.0%
061907   AUBREY ISD,22,21.0%,32,30.5%,51,48.6%,105,100.0%
227818   AUSTIN CAN ACADEMY CHARTER SCHOOL,,,11,11.6%,84,88.4%,95,100.0%
227901   AUSTIN ISD,873,20.5%,"1,004",23.6%,"2,382",55.9%,"4,259",100.0%
196901   AUSTWELL-TIVOLI ISD,,,8,66.7%,*,*,12,100.0%
070901   AVALON ISD,*,*,*,*,11,57.9%,19,100.0%
194902   AVERY ISD,9,27.3%,12,36.4%,12,36.4%,33,100.0%
034902   AVINGER ISD,*,*,*,*,6,42.9%,14,100.0%
161918   AXTELL ISD,5,8.3%,31,51.7%,24,40.0%,60,100.0%
220915   AZLE ISD,46,13.3%,100,28.9%,200,57.8%,346,100.0%
212803   AZLEWAY CHARTER SCHOOL,,,5,55.6%,*,*,9,100.0%
030903   BAIRD ISD,*,*,*,*,13,65.0%,20,100.0%
200901   BALLINGER ISD,21,33.9%,22,35.5%,19,30.7%,62,100.0%
195902   BALMORHEA ISD,*,*,*,*,*,*,12,100.0%
010902   BANDERA ISD,36,20.9%,33,19.2%,103,59.9%,172,100.0%
025901   BANGS ISD,17,24.3%,15,21.4%,38,54.3%,70,100.0%
178913   BANQUETE ISD,14,26.4%,12,22.6%,27,50.9%,53,100.0%
036902   BARBERS HILL ISD,57,21.1%,132,48.9%,81,30.0%,270,100.0%
014902   BARTLETT ISD,*,*,*,*,20,69.0%,29,100.0%
011901   BASTROP ISD,89,17.3%,116,22.5%,310,60.2%,515,100.0%
101809   BAY AREA CHARTER INC,,,11,35.5%,20,64.5%,31,100.0%
158901   BAY CITY ISD,33,13.1%,89,35.3%,130,51.6%,252,100.0%
123910   BEAUMONT ISD,442,36.8%,222,18.5%,538,44.8%,"1,202",100.0%
183901   BECKVILLE ISD,*,*,*,*,14,50.0%,28,100.0%
013901   BEEVILLE ISD,29,13.3%,78,35.8%,111,50.9%,218,100.0%
039904   BELLEVUE ISD,*,*,*,*,5,62.5%,8,100.0%
091901   BELLS ISD,*,*,*,*,27,47.4%,57,100.0%
008901   BELLVILLE ISD,32,19.5%,63,38.4%,69,42.1%,164,100.0%
014903   BELTON ISD,77,13.1%,164,27.8%,349,59.2%,590,100.0%
125902   BEN BOLT-PALITO BLANCO ISD,11,27.5%,14,35.0%,15,37.5%,40,100.0%
066901   BENAVIDES ISD,9,29.0%,10,32.3%,12,38.7%,31,100.0%
138904   BENJAMIN ISD,,,*,*,*,*,*,*
187901   BIG SANDY ISD,*,*,*,*,16,51.6%,31,100.0%
230901   BIG SANDY ISD,*,*,*,*,19,44.2%,43,100.0%
114901   BIG SPRING ISD,20,8.9%,74,32.7%,132,58.4%,226,100.0%
193801   BIG SPRINGS CHARTER SCHOOL,,,*,*,7,70.0%,10,100.0%
220902   BIRDVILLE ISD,203,15.0%,503,37.2%,647,47.8%,"1,353",100.0%
178902   BISHOP CISD,37,45.1%,16,19.5%,29,35.4%,82,100.0%
177903   BLACKWELL CISD,*,*,*,*,*,*,8,100.0%
016902   BLANCO ISD,21,31.3%,15,22.4%,31,46.3%,67,100.0%
116915   BLAND ISD,10,25.0%,14,35.0%,16,40.0%,40,100.0%
025904   BLANKET ISD,*,*,*,*,*,*,11,100.0%
034909   BLOOMBURG ISD,*,*,*,*,7,53.9%,13,100.0%
175902   BLOOMING GROVE ISD,11,24.4%,21,46.7%,13,28.9%,45,100.0%
235901   BLOOMINGTON ISD,*,*,*,*,24,70.6%,34,100.0%
043917   BLUE RIDGE ISD,6,12.2%,17,34.7%,26,53.1%,49,100.0%
109913   BLUM ISD,,,13,54.2%,11,45.8%,24,100.0%
123807   BOB HOPE SCHOOL,,,6,31.6%,13,68.4%,19,100.0%
130901   BOERNE ISD,144,27.4%,127,24.2%,254,48.4%,525,100.0%
116916   BOLES ISD,*,*,*,*,26,65.0%,40,100.0%
241901   BOLING ISD,7,9.7%,38,52.8%,27,37.5%,72,100.0%
074903   BONHAM ISD,12,10.3%,39,33.3%,66,56.4%,117,100.0%
148901   BOOKER ISD,5,17.9%,6,21.4%,17,60.7%,28,100.0%
017901   BORDEN COUNTY ISD,*,*,*,*,*,*,12,100.0%
117901   BORGER ISD,32,18.1%,58,32.8%,87,49.2%,177,100.0%
161923   BOSQUEVILLE ISD,5,11.9%,19,45.2%,18,42.9%,42,100.0%
185901   BOVINA ISD,5,15.2%,6,18.2%,22,66.7%,33,100.0%
169901   BOWIE ISD,14,12.8%,22,20.2%,73,67.0%,109,100.0%
249902   BOYD ISD,27,27.8%,30,30.9%,40,41.2%,97,100.0%
180901   BOYS RANCH ISD,8,14.3%,20,35.7%,28,50.0%,56,100.0%
136901   BRACKETT ISD,8,25.0%,13,40.6%,11,34.4%,32,100.0%
160901   BRADY ISD,17,21.5%,15,19.0%,47,59.5%,79,100.0%
008903   BRAZOS ISD,10,18.9%,20,37.7%,23,43.4%,53,100.0%
213801   BRAZOS RIVER CHARTER SCHOOL,*,*,*,*,52,78.8%,66,100.0%
021803   BRAZOS SCHOOL FOR INQUIRY & CREATI,,,*,*,23,85.2%,27,100.0%
020905   BRAZOSPORT ISD,121,15.4%,346,44.1%,318,40.5%,785,100.0%
215901   BRECKENRIDGE ISD,20,22.5%,29,32.6%,40,44.9%,89,100.0%
198901   BREMOND ISD,*,*,*,*,8,36.4%,22,100.0%
239901   BRENHAM ISD,52,16.1%,141,43.7%,130,40.3%,323,100.0%
181901   BRIDGE CITY ISD,23,13.5%,71,41.5%,77,45.0%,171,100.0%
249903   BRIDGEPORT ISD,15,10.0%,43,28.7%,92,61.3%,150,100.0%
243801   BRIGHT IDEAS CHARTER,*,*,*,*,*,*,7,100.0%
203902   BROADDUS ISD,*,*,*,*,24,61.5%,39,100.0%
184909   BROCK ISD,16,23.5%,29,42.7%,23,33.8%,68,100.0%
041901   BRONTE ISD,10,31.3%,8,25.0%,14,43.8%,32,100.0%
121902   BROOKELAND ISD,12,35.3%,10,29.4%,12,35.3%,34,100.0%
025908   BROOKESMITH ISD,*,*,*,*,6,66.7%,9,100.0%
015830   BROOKS ACADEMY OF SCIENCE AND ENGI,8,18.6%,25,58.1%,10,23.3%,43,100.0%
024901   BROOKS COUNTY ISD,25,29.1%,12,14.0%,49,57.0%,86,100.0%
223901   BROWNFIELD ISD,13,13.7%,17,17.9%,65,68.4%,95,100.0%
107902   BROWNSBORO ISD,17,9.5%,70,39.1%,92,51.4%,179,100.0%
031901   BROWNSVILLE ISD,883,33.3%,614,23.2%,"1,152",43.5%,"2,649",100.0%
025902   BROWNWOOD ISD,36,15.9%,36,15.9%,154,68.1%,226,100.0%
161919   BRUCEVILLE-EDDY ISD,7,13.0%,28,51.9%,19,35.2%,54,100.0%
021902   BRYAN ISD,149,18.1%,219,26.6%,457,55.4%,825,100.0%
119901   BRYSON ISD,*,*,*,*,6,54.6%,11,100.0%
166907   BUCKHOLTS ISD,*,*,*,*,7,70.0%,10,100.0%
186901   BUENA VISTA ISD,*,*,*,*,*,*,7,100.0%
145901   BUFFALO ISD,8,12.5%,29,45.3%,27,42.2%,64,100.0%
212902   BULLARD ISD,19,13.3%,61,42.7%,63,44.1%,143,100.0%
121903   BUNA ISD,18,19.6%,31,33.7%,43,46.7%,92,100.0%
243901   BURKBURNETT ISD,48,23.3%,40,19.4%,118,57.3%,206,100.0%
176901   BURKEVILLE ISD,5,26.3%,5,26.3%,9,47.4%,19,100.0%
126902   BURLESON ISD,93,15.3%,223,36.7%,291,47.9%,607,100.0%
027903   BURNET CISD,56,23.5%,46,19.3%,136,57.1%,238,100.0%
071801   BURNHAM WOOD CHARTER SCHOOL DISTRI,9,52.9%,7,41.2%,*,*,17,100.0%
239903   BURTON ISD,6,21.4%,7,25.0%,15,53.6%,28,100.0%
188904   BUSHLAND ISD,21,24.7%,40,47.1%,24,28.2%,85,100.0%
109902   BYNUM ISD,*,*,*,*,6,28.6%,21,100.0%
116901   CADDO MILLS ISD,21,20.0%,44,41.9%,40,38.1%,105,100.0%
178903   CALALLEN ISD,103,35.4%,80,27.5%,108,37.1%,291,100.0%
026901   CALDWELL ISD,16,13.7%,44,37.6%,57,48.7%,117,100.0%
029901   CALHOUN COUNTY ISD,30,10.5%,85,29.8%,170,59.7%,285,100.0%
049905   CALLISBURG ISD,7,9.5%,30,40.5%,37,50.0%,74,100.0%
198902   CALVERT ISD,*,*,*,*,*,*,15,100.0%
101837   CALVIN NELMS CHARTER SCHOOLS,*,*,*,*,47,69.1%,68,100.0%
166901   CAMERON ISD,16,18.8%,33,38.8%,36,42.4%,85,100.0%
116910   CAMPBELL ISD,*,*,*,*,11,50.0%,22,100.0%
106901   CANADIAN ISD,16,28.6%,8,14.3%,32,57.1%,56,100.0%
234902   CANTON ISD,25,18.9%,41,31.1%,66,50.0%,132,100.0%
071907   CANUTILLO ISD,78,18.8%,125,30.1%,212,51.1%,415,100.0%
191901   CANYON ISD,142,25.6%,199,35.9%,213,38.5%,554,100.0%
201913   CARLISLE ISD,*,*,*,*,23,48.9%,47,100.0%
064903   CARRIZO SPRINGS CISD,13,9.6%,68,50.0%,55,40.4%,136,100.0%
220919   CARROLL ISD,172,25.7%,126,18.8%,371,55.5%,669,100.0%
057903   CARROLLTON-FARMERS BRANCH ISD,281,17.4%,455,28.1%,881,54.5%,"1,617",100.0%
183902   CARTHAGE ISD,17,11.3%,85,56.3%,49,32.5%,151,100.0%
220917   CASTLEBERRY ISD,23,14.0%,40,24.4%,101,61.6%,164,100.0%
001902   CAYUGA ISD,*,*,*,*,15,40.5%,37,100.0%
057904   CEDAR HILL ISD,175,33.1%,142,26.9%,211,40.0%,528,100.0%
116902   CELESTE ISD,*,*,*,*,10,37.0%,27,100.0%
043903   CELINA ISD,24,16.6%,60,41.4%,61,42.1%,145,100.0%
210901   CENTER ISD,26,19.0%,45,32.9%,66,48.2%,137,100.0%
133901   CENTER POINT ISD,*,*,*,*,31,77.5%,40,100.0%
145902   CENTERVILLE ISD,13,25.0%,14,26.9%,25,48.1%,52,100.0%
228904   CENTERVILLE ISD,*,*,,,*,*,7,100.0%
174908   CENTRAL HEIGHTS ISD,19,31.2%,11,18.0%,31,50.8%,61,100.0%
003907   CENTRAL ISD,10,8.1%,48,39.0%,65,52.9%,123,100.0%
101905   CHANNELVIEW ISD,62,12.5%,179,35.9%,257,51.6%,498,100.0%
103901   CHANNING ISD,*,*,*,*,*,*,7,100.0%
227814   CHAPARRAL STAR ACADEMY,*,*,*,*,5,41.7%,12,100.0%
212909   CHAPEL HILL ISD,28,12.4%,86,38.1%,112,49.6%,226,100.0%
225906   CHAPEL HILL ISD,*,*,*,*,27,36.0%,75,100.0%
007901   CHARLOTTE ISD,8,23.5%,12,35.3%,14,41.2%,34,100.0%
206903   CHEROKEE ISD,*,*,*,*,6,60.0%,10,100.0%
229906   CHESTER ISD,*,*,*,*,*,*,10,100.0%
249904   CHICO ISD,*,*,*,*,26,72.2%,36,100.0%
038901   CHILDRESS ISD,14,20.6%,14,20.6%,40,58.8%,68,100.0%
099902   CHILLICOTHE ISD,*,*,*,*,8,66.7%,12,100.0%
073901   CHILTON ISD,*,*,*,*,15,42.9%,35,100.0%
161920   CHINA SPRING ISD,21,13.0%,92,57.1%,48,29.8%,161,100.0%
174901   CHIRENO ISD,*,*,*,*,15,75.0%,20,100.0%
139905   CHISUM ISD,11,17.7%,23,37.1%,28,45.2%,62,100.0%
226901   CHRISTOVAL ISD,14,38.9%,9,25.0%,13,36.1%,36,100.0%
067902   CISCO ISD,7,10.6%,28,42.4%,31,47.0%,66,100.0%
243906   CITY VIEW ISD,12,23.1%,10,19.2%,30,57.7%,52,100.0%
065901   CLARENDON ISD,8,19.5%,17,41.5%,16,39.0%,41,100.0%
194904   CLARKSVILLE ISD,8,17.0%,12,25.5%,27,57.5%,47,100.0%
006902   CLAUDE ISD,10,29.4%,13,38.2%,11,32.4%,34,100.0%
084910   CLEAR CREEK ISD,737,27.3%,984,36.4%,979,36.3%,"2,700",100.0%
126903   CLEBURNE ISD,76,18.2%,117,28.0%,225,53.8%,418,100.0%
146901   CLEVELAND ISD,26,12.6%,52,25.2%,128,62.1%,206,100.0%
018901   CLIFTON ISD,14,19.4%,30,41.7%,28,38.9%,72,100.0%
071901   CLINT ISD,167,24.9%,202,30.1%,302,45.0%,671,100.0%
030902   CLYDE CISD,21,23.3%,31,34.4%,38,42.2%,90,100.0%
114902   COAHOMA ISD,7,14.9%,17,36.2%,23,48.9%,47,100.0%
204901   COLDSPRING-OAKHURST CISD,21,17.8%,19,16.1%,78,66.1%,118,100.0%
042901   COLEMAN ISD,17,35.4%,10,20.8%,21,43.8%,48,100.0%
021901   COLLEGE STATION ISD,151,21.9%,242,35.0%,298,43.1%,691,100.0%
091902   COLLINSVILLE ISD,11,25.0%,15,34.1%,18,40.9%,44,100.0%
229901   COLMESNEIL ISD,7,16.3%,6,14.0%,30,69.8%,43,100.0%
168901   COLORADO ISD,17,19.5%,30,34.5%,40,46.0%,87,100.0%
020907   COLUMBIA-BRAZORIA ISD,21,11.4%,75,40.5%,89,48.1%,185,100.0%
045902   COLUMBUS ISD,24,18.6%,51,39.5%,54,41.9%,129,100.0%
046902   COMAL ISD,295,26.4%,239,21.4%,582,52.2%,"1,116",100.0%
047901   COMANCHE ISD,15,23.1%,21,32.3%,29,44.6%,65,100.0%
130902   COMFORT ISD,19,30.2%,6,9.5%,38,60.3%,63,100.0%
116903   COMMERCE ISD,30,30.9%,30,30.9%,37,38.1%,97,100.0%
043918   COMMUNITY ISD,13,14.8%,25,28.4%,50,56.8%,88,100.0%
112908   COMO-PICKTON CISD,6,9.8%,21,34.4%,34,55.7%,61,100.0%
101842   COMQUEST ACADEMY,,,5,25.0%,15,75.0%,20,100.0%
233903   COMSTOCK ISD,*,*,*,*,6,46.2%,13,100.0%
161921   CONNALLY ISD,10,8.0%,75,60.0%,40,32.0%,125,100.0%
170902   CONROE ISD,657,20.4%,947,29.4%,"1,614",50.2%,"3,218",100.0%
147901   COOLIDGE ISD,,,11,55.0%,9,45.0%,20,100.0%
060902   COOPER ISD,10,19.6%,25,49.0%,16,31.4%,51,100.0%
057922   COPPELL ISD,208,26.7%,186,23.9%,384,49.4%,778,100.0%
050910   COPPERAS COVE ISD,69,14.2%,163,33.5%,254,52.3%,486,100.0%
178904   CORPUS CHRISTI ISD,486,22.0%,634,28.7%,"1,092",49.4%,"2,212",100.0%
187904   CORRIGAN-CAMDEN ISD,11,18.3%,31,51.7%,18,30.0%,60,100.0%
175903   CORSICANA ISD,38,12.9%,132,44.8%,125,42.4%,295,100.0%
095902   COTTON CENTER ISD,,,*,*,*,*,*,*
142901   COTULLA ISD,15,20.8%,19,26.4%,38,52.8%,72,100.0%
109903   COVINGTON ISD,*,*,*,*,6,30.0%,20,100.0%
129901   CRANDALL ISD,35,18.3%,71,37.2%,85,44.5%,191,100.0%
052901   CRANE ISD,14,18.7%,24,32.0%,37,49.3%,75,100.0%
018908   CRANFILLS GAP ISD,*,*,*,*,*,*,10,100.0%
161901   CRAWFORD ISD,5,13.2%,21,55.3%,12,31.6%,38,100.0%
053001   CROCKETT COUNTY CONSOLIDATED CSD,10,24.4%,9,22.0%,22,53.7%,41,100.0%
113901   CROCKETT ISD,15,19.2%,20,25.6%,43,55.1%,78,100.0%
101906   CROSBY ISD,45,14.3%,115,36.5%,155,49.2%,315,100.0%
054901   CROSBYTON CISD,*,*,*,*,14,58.3%,24,100.0%
030901   CROSS PLAINS ISD,7,25.9%,9,33.3%,11,40.7%,27,100.0%
107904   CROSS ROADS ISD,8,15.1%,19,35.9%,26,49.1%,53,100.0%
184801   CROSSTIMBERS ACADEMY,,,14,33.3%,28,66.7%,42,100.0%
078901   CROWELL ISD,*,*,*,*,8,33.3%,24,100.0%
220912   CROWLEY ISD,190,20.9%,281,30.9%,439,48.2%,910,100.0%
254901   CRYSTAL CITY ISD,15,12.7%,59,50.0%,44,37.3%,118,100.0%
062901   CUERO ISD,22,17.6%,45,36.0%,58,46.4%,125,100.0%
055901   CULBERSON COUNTY-ALLAMOORE ISD,*,*,*,*,18,56.3%,32,100.0%
112905   CUMBY ISD,8,33.3%,7,29.2%,9,37.5%,24,100.0%
174902   CUSHING ISD,7,16.7%,20,47.6%,15,35.7%,42,100.0%
101907   CYPRESS-FAIRBANKS ISD,"1,397",21.8%,"2,260",35.2%,"2,762",43.0%,"6,419",100.0%
172902   DAINGERFIELD-LONE STAR ISD,5,6.2%,34,42.0%,42,51.9%,81,100.0%
056901   DALHART ISD,28,22.8%,21,17.1%,74,60.2%,123,100.0%
057804   DALLAS CAN ACADEMY CHARTER,8,1.2%,136,19.6%,551,79.3%,695,100.0%
057905   DALLAS ISD,"1,247",17.1%,"1,855",25.5%,"4,173",57.4%,"7,275",100.0%
020904   DANBURY ISD,8,19.5%,18,43.9%,15,36.6%,41,100.0%
148905   DARROUZETT ISD,*,*,,,*,*,5,100.0%
058902   DAWSON ISD,*,*,*,*,*,*,9,100.0%
175904   DAWSON ISD,5,15.6%,12,37.5%,15,46.9%,32,100.0%
146902   DAYTON ISD,38,10.9%,122,35.1%,188,54.0%,348,100.0%
047902   DE LEON ISD,14,31.8%,8,18.2%,22,50.0%,44,100.0%
249905   DECATUR ISD,33,16.1%,66,32.2%,106,51.7%,205,100.0%
101908   DEER PARK ISD,118,13.8%,443,51.8%,294,34.4%,855,100.0%
019901   DEKALB ISD,8,12.9%,19,30.7%,35,56.5%,62,100.0%
227910   DEL VALLE ISD,89,14.5%,124,20.1%,403,65.4%,616,100.0%
115903   DELL CITY ISD,*,*,,,6,85.7%,7,100.0%
091903   DENISON ISD,21,7.2%,110,37.9%,159,54.8%,290,100.0%
061901   DENTON ISD,280,22.8%,311,25.3%,638,51.9%,"1,229",100.0%
251901   DENVER CITY ISD,8,8.5%,25,26.6%,61,64.9%,94,100.0%
057906   DESOTO ISD,168,27.9%,161,26.7%,274,45.4%,603,100.0%
194905   DETROIT ISD,*,*,*,*,12,36.4%,33,100.0%
163901   DEVINE ISD,21,17.5%,36,30.0%,63,52.5%,120,100.0%
176903   DEWEYVILLE ISD,*,*,*,*,23,51.1%,45,100.0%
163902   D'HANIS ISD,*,*,*,*,10,45.5%,22,100.0%
003905   DIBOLL ISD,18,15.7%,48,41.7%,49,42.6%,115,100.0%
084901   DICKINSON ISD,85,15.3%,207,37.2%,264,47.5%,556,100.0%
082902   DILLEY ISD,8,11.9%,15,22.4%,44,65.7%,67,100.0%
144903   DIME BOX ISD,,,5,71.4%,*,*,7,100.0%
035901   DIMMITT ISD,16,25.4%,9,14.3%,38,60.3%,63,100.0%
074904   DODD CITY ISD,*,*,*,*,5,50.0%,10,100.0%
108902   DONNA ISD,127,19.0%,178,26.7%,362,54.3%,667,100.0%
174911   DOUGLASS ISD,7,41.2%,5,29.4%,5,29.4%,17,100.0%
178801   DR M L GARZA-GONZALEZ CHARTER SCHO,*,*,,,*,*,5,100.0%
101856   DRAW ACADEMY,,,,,18,100.0%,18,100.0%
105904   DRIPPING SPRINGS ISD,99,35.5%,89,31.9%,91,32.6%,279,100.0%
072902   DUBLIN ISD,23,31.9%,24,33.3%,25,34.7%,72,100.0%
171901   DUMAS ISD,25,10.0%,88,35.3%,136,54.6%,249,100.0%
057907   DUNCANVILLE ISD,123,16.3%,240,31.9%,390,51.8%,753,100.0%
220918   EAGLE MT-SAGINAW ISD,177,19.5%,310,34.1%,423,46.5%,910,100.0%
159901   EAGLE PASS ISD,189,20.2%,381,40.7%,366,39.1%,936,100.0%
227909   EANES ISD,195,31.0%,117,18.6%,317,50.4%,629,100.0%
025909   EARLY ISD,23,29.1%,18,22.8%,38,48.1%,79,100.0%
241902   EAST BERNARD ISD,9,13.2%,33,48.5%,26,38.2%,68,100.0%
015911   EAST CENTRAL ISD,84,14.3%,172,29.2%,333,56.5%,589,100.0%
036903   EAST CHAMBERS ISD,20,23.3%,24,27.9%,42,48.8%,86,100.0%
092801   EAST TEXAS CHARTER SCHOOLS,,,18,27.3%,48,72.7%,66,100.0%
067903   EASTLAND ISD,12,18.2%,20,30.3%,34,51.5%,66,100.0%
068901   ECTOR COUNTY ISD,199,16.5%,407,33.8%,597,49.6%,"1,203",100.0%
074905   ECTOR ISD,*,*,*,*,9,40.9%,22,100.0%
108903   EDCOUCH-ELSA ISD,89,29.2%,69,22.6%,147,48.2%,305,100.0%
048901   EDEN CISD,*,*,*,*,10,50.0%,20,100.0%
015905   EDGEWOOD ISD,65,13.5%,157,32.6%,259,53.9%,481,100.0%
234903   EDGEWOOD ISD,10,15.2%,15,22.7%,41,62.1%,66,100.0%
108904   EDINBURG CISD,554,29.4%,378,20.0%,955,50.6%,"1,887",100.0%
120901   EDNA ISD,9,11.1%,30,37.0%,42,51.9%,81,100.0%
241903   EL CAMPO ISD,26,11.1%,100,42.6%,109,46.4%,235,100.0%
071804   EL PASO ACADEMY,*,*,*,*,65,59.1%,110,100.0%
071902   EL PASO ISD,"1,202",28.9%,"1,177",28.3%,"1,784",42.9%,"4,163",100.0%
243902   ELECTRA ISD,*,*,*,*,14,53.9%,26,100.0%
011902   ELGIN ISD,53,19.9%,53,19.9%,160,60.2%,266,100.0%
001903   ELKHART ISD,*,*,*,*,49,66.2%,74,100.0%
102906   ELYSIAN FIELDS ISD,*,*,*,*,21,41.2%,51,100.0%
070903   ENNIS ISD,54,16.5%,109,33.2%,165,50.3%,328,100.0%
049906   ERA ISD,*,*,*,*,13,61.9%,21,100.0%
072802   ERATH EXCELS ACADEMY INC,*,*,*,*,35,70.0%,50,100.0%
030906   EULA ISD,*,*,*,*,11,47.8%,23,100.0%
107905   EUSTACE ISD,12,10.8%,53,47.8%,46,41.4%,111,100.0%
121906   EVADALE ISD,8,25.8%,10,32.3%,13,41.9%,31,100.0%
050901   EVANT ISD,*,*,*,*,15,83.3%,18,100.0%
220904   EVERMAN ISD,40,16.9%,70,29.5%,127,53.6%,237,100.0%
057834   EVOLUTION ACADEMY CHARTER SCHOOL,*,*,*,*,141,81.5%,173,100.0%
071903   FABENS ISD,23,16.4%,43,30.7%,74,52.9%,140,100.0%
081902   FAIRFIELD ISD,15,15.2%,25,25.3%,59,59.6%,99,100.0%
057815   FAITH FAMILY ACADEMY OF OAK CLIFF,*,*,*,*,21,61.8%,34,100.0%
128904   FALLS CITY ISD,13,50.0%,8,30.8%,5,19.2%,26,100.0%
060914   FANNINDEL ISD,*,*,*,*,*,*,8,100.0%
043904   FARMERSVILLE ISD,12,12.8%,41,43.6%,41,43.6%,94,100.0%
185902   FARWELL ISD,5,15.2%,10,30.3%,18,54.6%,33,100.0%
075906   FAYETTEVILLE ISD,*,*,*,*,*,*,18,100.0%
070905   FERRIS ISD,24,15.3%,43,27.4%,90,57.3%,157,100.0%
075901   FLATONIA ISD,6,19.4%,10,32.3%,15,48.4%,31,100.0%
246902   FLORENCE ISD,26,32.9%,13,16.5%,40,50.6%,79,100.0%
247901   FLORESVILLE ISD,59,21.2%,76,27.2%,144,51.6%,279,100.0%
178914   FLOUR BLUFF ISD,151,38.5%,82,20.9%,159,40.6%,392,100.0%
077901   FLOYDADA ISD,15,30.0%,16,32.0%,19,38.0%,50,100.0%
148902   FOLLETT ISD,*,*,*,*,7,70.0%,10,100.0%
169910   FORESTBURG ISD,*,*,*,*,*,*,12,100.0%
129902   FORNEY ISD,93,19.5%,166,34.7%,219,45.8%,478,100.0%
114904   FORSAN ISD,5,10.0%,23,46.0%,22,44.0%,50,100.0%
079907   FORT BEND ISD,"1,579",31.4%,"1,496",29.8%,"1,952",38.8%,"5,027",100.0%
242906   FORT ELLIOTT CISD,*,*,*,*,*,*,6,100.0%
186902   FORT STOCKTON ISD,27,22.3%,24,19.8%,70,57.9%,121,100.0%
220809   FORT WORTH ACADEMY OF FINE ARTS,16,30.8%,10,19.2%,26,50.0%,52,100.0%
220804   FORT WORTH CAN ACADEMY,,,29,14.2%,176,85.9%,205,100.0%
220905   FORT WORTH ISD,539,14.8%,996,27.4%,"2,107",57.9%,"3,642",100.0%
198903   FRANKLIN ISD,13,18.3%,32,45.1%,26,36.6%,71,100.0%
001904   FRANKSTON ISD,6,10.7%,23,41.1%,27,48.2%,56,100.0%
086901   FREDERICKSBURG ISD,58,26.5%,37,16.9%,124,56.6%,219,100.0%
066903   FREER ISD,10,17.2%,16,27.6%,32,55.2%,58,100.0%
152907   FRENSHIP ISD,108,23.7%,121,26.6%,226,49.7%,455,100.0%
084911   FRIENDSWOOD ISD,145,29.9%,184,37.9%,156,32.2%,485,100.0%
185903   FRIONA ISD,17,23.6%,15,20.8%,40,55.6%,72,100.0%
043905   FRISCO ISD,451,23.0%,690,35.2%,821,41.9%,"1,962",100.0%
175905   FROST ISD,*,*,*,*,*,*,15,100.0%
234909   FRUITVALE ISD,*,*,*,*,8,57.1%,14,100.0%
122901   FT DAVIS ISD,*,*,*,*,42,89.4%,47,100.0%
115901   FT HANCOCK ISD,10,26.3%,10,26.3%,18,47.4%,38,100.0%
015914   FT SAM HOUSTON ISD,12,18.5%,12,18.5%,41,63.1%,65,100.0%
049901   GAINESVILLE ISD,8,6.3%,43,33.6%,77,60.2%,128,100.0%
101910   GALENA PARK ISD,241,16.1%,488,32.6%,768,51.3%,"1,497",100.0%
084902   GALVESTON ISD,72,18.4%,178,45.4%,142,36.2%,392,100.0%
120902   GANADO ISD,5,11.1%,20,44.4%,20,44.4%,45,100.0%
057909   GARLAND ISD,696,18.0%,"1,284",33.2%,"1,889",48.8%,"3,869",100.0%
174903   GARRISON ISD,11,21.2%,18,34.6%,23,44.2%,52,100.0%
183904   GARY ISD,*,*,*,*,15,62.5%,24,100.0%
050902   GATESVILLE ISD,35,18.0%,56,28.7%,104,53.3%,195,100.0%
240801   GATEWAY (STUDENT ALTERNATIVE PROGR,*,*,*,*,113,68.9%,164,100.0%
015802   GEORGE GERVIN ACADEMY,*,*,*,*,46,76.7%,60,100.0%
101804   GEORGE I SANCHEZ CHARTER,10,10.1%,15,15.2%,74,74.8%,99,100.0%
149901   GEORGE WEST ISD,11,16.4%,22,32.8%,34,50.8%,67,100.0%
246904   GEORGETOWN ISD,206,30.1%,126,18.4%,353,51.5%,685,100.0%
144901   GIDDINGS ISD,,,*,*,9,81.8%,11,100.0%
230902   GILMER ISD,16,11.7%,57,41.6%,64,46.7%,137,100.0%
101805   GIRLS & BOYS PREPARATORY ACADEMY,*,*,*,*,19,70.4%,27,100.0%
092901   GLADEWATER ISD,6,5.1%,43,36.8%,68,58.1%,117,100.0%
087901   GLASSCOCK COUNTY ISD,11,57.9%,7,36.8%,*,*,19,100.0%
213901   GLEN ROSE ISD,32,26.5%,29,24.0%,60,49.6%,121,100.0%
126911   GODLEY ISD,25,26.9%,23,24.7%,45,48.4%,93,100.0%
169906   GOLD BURG ISD,*,*,*,*,9,75.0%,12,100.0%
057835   GOLDEN RULE CHARTER SCHOOL,,,*,*,28,96.6%,29,100.0%
167901   GOLDTHWAITE ISD,16,34.0%,7,14.9%,24,51.1%,47,100.0%
088902   GOLIAD ISD,18,16.5%,37,33.9%,54,49.5%,109,100.0%
089901   GONZALES ISD,22,15.2%,23,15.9%,100,69.0%,145,100.0%
187903   GOODRICH ISD,*,*,*,*,8,44.4%,18,100.0%
101911   GOOSE CREEK CISD,141,11.2%,507,40.4%,607,48.4%,"1,255",100.0%
182901   GORDON ISD,*,*,*,*,*,*,12,100.0%
067904   GORMAN ISD,*,*,*,*,7,35.0%,20,100.0%
156905   GRADY ISD,*,*,*,*,6,37.5%,16,100.0%
182902   GRAFORD ISD,*,*,*,*,11,50.0%,22,100.0%
252901   GRAHAM ISD,28,17.4%,25,15.5%,108,67.1%,161,100.0%
111901   GRANBURY ISD,117,25.3%,116,25.1%,229,49.6%,462,100.0%
057910   GRAND PRAIRIE ISD,247,15.7%,501,31.9%,821,52.3%,"1,569",100.0%
234904   GRAND SALINE ISD,12,12.5%,24,25.0%,60,62.5%,96,100.0%
238904   GRANDFALLS-ROYALTY ISD,*,*,,,*,*,6,100.0%
126904   GRANDVIEW ISD,20,27.4%,27,37.0%,26,35.6%,73,100.0%
246905   GRANGER ISD,7,29.2%,6,25.0%,11,45.8%,24,100.0%
226907   GRAPE CREEK ISD,27,43.6%,8,12.9%,27,43.6%,62,100.0%
113902   GRAPELAND ISD,5,14.3%,12,34.3%,18,51.4%,35,100.0%
220906   GRAPEVINE-COLLEYVILLE ISD,272,26.0%,331,31.7%,442,42.3%,"1,045",100.0%
116905   GREENVILLE ISD,46,17.2%,68,25.4%,154,57.5%,268,100.0%
165902   GREENWOOD ISD,30,23.8%,54,42.9%,42,33.3%,126,100.0%
205902   GREGORY-PORTLAND ISD,99,34.3%,68,23.5%,122,42.2%,289,100.0%
147902   GROESBECK ISD,12,10.0%,46,38.3%,62,51.7%,120,100.0%
033901   GROOM ISD,*,*,*,*,*,*,13,100.0%
228901   GROVETON ISD,11,23.9%,18,39.1%,17,37.0%,46,100.0%
098901   GRUVER ISD,*,*,*,*,13,56.5%,23,100.0%
091917   GUNTER ISD,13,21.7%,26,43.3%,21,35.0%,60,100.0%
047903   GUSTINE ISD,*,*,*,*,7,70.0%,10,100.0%
135001   GUTHRIE CSD,,,*,*,*,*,7,100.0%
095903   HALE CENTER ISD,9,20.9%,11,25.6%,23,53.5%,43,100.0%
143901   HALLETTSVILLE ISD,11,14.7%,32,42.7%,32,42.7%,75,100.0%
102904   HALLSVILLE ISD,31,11.3%,108,39.3%,136,49.5%,275,100.0%
097902   HAMILTON ISD,10,23.3%,13,30.2%,20,46.5%,43,100.0%
127903   HAMLIN ISD,5,11.9%,12,28.6%,25,59.5%,42,100.0%
123914   HAMSHIRE-FANNETT ISD,47,37.0%,27,21.3%,53,41.7%,127,100.0%
219901   HAPPY ISD,*,*,*,*,8,61.5%,13,100.0%
146904   HARDIN ISD,13,23.2%,17,30.4%,26,46.4%,56,100.0%
100905   HARDIN-JEFFERSON ISD,47,37.6%,21,16.8%,57,45.6%,125,100.0%
015904   HARLANDALE ISD,97,11.3%,318,37.0%,445,51.7%,860,100.0%
102905   HARLETON ISD,5,12.5%,17,42.5%,18,45.0%,40,100.0%
031903   HARLINGEN CISD,264,24.2%,364,33.4%,462,42.4%,"1,090",100.0%
230905   HARMONY ISD,17,23.3%,20,27.4%,36,49.3%,73,100.0%
101858   HARMONY SCHOOL OF EXCELLENCE,18,32.1%,19,33.9%,19,33.9%,56,100.0%
071806   HARMONY SCIENCE ACAD (EL PASO),7,31.8%,9,40.9%,6,27.3%,22,100.0%
220813   HARMONY SCIENCE ACAD (FORT WORTH),6,22.2%,11,40.7%,10,37.0%,27,100.0%
152805   HARMONY SCIENCE ACAD (LUBBOCK),*,*,*,*,5,45.5%,11,100.0%
015828   HARMONY SCIENCE ACAD (SAN ANTONIO),*,*,*,*,8,44.4%,18,100.0%
161807   HARMONY SCIENCE ACAD (WACO),18,34.0%,17,32.1%,18,34.0%,53,100.0%
101846   HARMONY SCIENCE ACADEMY,21,28.8%,10,13.7%,42,57.5%,73,100.0%
227816   HARMONY SCIENCE ACADEMY (AUSTIN),7,22.6%,14,45.2%,10,32.3%,31,100.0%
086902   HARPER ISD,15,31.3%,7,14.6%,26,54.2%,48,100.0%
244901   HARROLD ISD,*,*,*,*,*,*,8,100.0%
035902   HART ISD,*,*,*,*,*,*,10,100.0%
103902   HARTLEY ISD,*,*,*,*,5,62.5%,8,100.0%
104901   HASKELL CISD,8,25.0%,10,31.3%,14,43.8%,32,100.0%
250902   HAWKINS ISD,7,18.0%,5,12.8%,27,69.2%,39,100.0%
127904   HAWLEY ISD,5,9.8%,18,35.3%,28,54.9%,51,100.0%
105906   HAYS CISD,211,24.0%,221,25.1%,449,51.0%,881,100.0%
198905   HEARNE ISD,15,25.0%,7,11.7%,38,63.3%,60,100.0%
065902   HEDLEY ISD,,,5,33.3%,10,66.7%,15,100.0%
202903   HEMPHILL ISD,13,22.8%,11,19.3%,33,57.9%,57,100.0%
237902   HEMPSTEAD ISD,16,14.0%,29,25.4%,69,60.5%,114,100.0%
201902   HENDERSON ISD,21,10.5%,80,40.0%,99,49.5%,200,100.0%
039902   HENRIETTA ISD,18,24.3%,16,21.6%,40,54.1%,74,100.0%
015833   HENRY FORD ACADEMY ALAMEDA SCHOOL,,,*,*,*,*,7,100.0%
059901   HEREFORD ISD,45,20.2%,57,25.6%,121,54.3%,223,100.0%
208901   HERMLEIGH ISD,,,6,54.6%,5,45.5%,11,100.0%
097903   HICO ISD,13,25.0%,17,32.7%,22,42.3%,52,100.0%
108905   HIDALGO ISD,61,26.4%,83,35.9%,87,37.7%,231,100.0%
148903   HIGGINS ISD,,,,,6,100.0%,6,100.0%
015803   HIGGS CARTER KING GIFTED & TALENTE,,,,,*,*,*,*
084903   HIGH ISLAND ISD,*,*,*,*,13,68.4%,19,100.0%
177905   HIGHLAND ISD,*,*,*,*,5,41.7%,12,100.0%
057911   HIGHLAND PARK ISD,121,25.1%,67,13.9%,295,61.1%,483,100.0%
188903   HIGHLAND PARK ISD,9,20.5%,15,34.1%,20,45.5%,44,100.0%
109904   HILLSBORO ISD,6,5.1%,45,38.5%,66,56.4%,117,100.0%
084908   HITCHCOCK ISD,7,10.8%,15,23.1%,43,66.2%,65,100.0%
014905   HOLLAND ISD,6,17.7%,14,41.2%,14,41.2%,34,100.0%
005902   HOLLIDAY ISD,20,34.5%,11,19.0%,27,46.6%,58,100.0%
163904   HONDO ISD,37,25.5%,32,22.1%,76,52.4%,145,100.0%
074907   HONEY GROVE ISD,7,15.2%,18,39.1%,21,45.7%,46,100.0%
057825   HONORS ACADEMY,,,16,15.1%,90,84.9%,106,100.0%
019902   HOOKS ISD,*,*,*,*,42,53.9%,78,100.0%
101812   HOUSTON CAN ACADEMY CHARTER SCHOOL,*,*,*,*,172,80.0%,215,100.0%
101828   HOUSTON GATEWAY ACADEMY INC,*,*,*,*,10,62.5%,16,100.0%
101821   HOUSTON HEIGHTS HIGH SCHOOL,*,*,*,*,48,76.2%,63,100.0%
101912   HOUSTON ISD,"2,231",23.0%,"1,895",19.6%,"5,558",57.4%,"9,684",100.0%
091905   HOWE ISD,9,14.3%,25,39.7%,29,46.0%,63,100.0%
109905   HUBBARD ISD,,,15,50.0%,15,50.0%,30,100.0%
072908   HUCKABAY ISD,11,68.8%,5,31.3%,,,16,100.0%
003902   HUDSON ISD,19,12.3%,65,42.2%,70,45.5%,154,100.0%
101925   HUFFMAN ISD,46,20.2%,88,38.6%,94,41.2%,228,100.0%
034903   HUGHES SPRINGS ISD,7,10.9%,25,39.1%,32,50.0%,64,100.0%
146905   HULL-DAISETTA ISD,*,*,*,*,20,69.0%,29,100.0%
101913   HUMBLE ISD,571,22.5%,935,36.8%,"1,032",40.7%,"2,538",100.0%
003904   HUNTINGTON ISD,22,17.9%,51,41.5%,50,40.7%,123,100.0%
236902   HUNTSVILLE ISD,112,30.4%,61,16.6%,195,53.0%,368,100.0%
220916   HURST-EULESS-BEDFORD ISD,275,19.4%,398,28.1%,744,52.5%,"1,417",100.0%
246906   HUTTO ISD,73,22.9%,68,21.3%,178,55.8%,319,100.0%
152910   IDALOU ISD,20,29.4%,27,39.7%,21,30.9%,68,100.0%
108807   IDEA PUBLIC SCHOOLS,125,62.5%,22,11.0%,53,26.5%,200,100.0%
120905   INDUSTRIAL ISD,18,22.0%,42,51.2%,22,26.8%,82,100.0%
108801   INFORMATION REFERRAL RESOURCE ASSI,6,3.0%,38,19.2%,154,77.8%,198,100.0%
205903   INGLESIDE ISD,25,18.1%,36,26.1%,77,55.8%,138,100.0%
133904   INGRAM ISD,25,29.8%,6,7.1%,53,63.1%,84,100.0%
093903   IOLA ISD,9,25.0%,12,33.3%,15,41.7%,36,100.0%
243903   IOWA PARK CISD,32,24.4%,25,19.1%,74,56.5%,131,100.0%
208903   IRA ISD,,,7,43.8%,9,56.3%,16,100.0%
186903   IRAAN-SHEFFIELD ISD,8,13.3%,11,18.3%,41,68.3%,60,100.0%
018906   IREDELL ISD,*,*,*,*,5,62.5%,8,100.0%
118902   IRION COUNTY ISD,*,*,*,*,13,40.6%,32,100.0%
057912   IRVING ISD,262,13.6%,542,28.2%,"1,118",58.2%,"1,922",100.0%
070907   ITALY ISD,6,16.7%,14,38.9%,16,44.4%,36,100.0%
109907   ITASCA ISD,7,15.2%,18,39.1%,21,45.7%,46,100.0%
119902   JACKSBORO ISD,15,25.9%,11,19.0%,32,55.2%,58,100.0%
037904   JACKSONVILLE ISD,16,6.2%,35,13.5%,208,80.3%,259,100.0%
101822   JAMIE'S HOUSE CHARTER SCHOOL,,,,,*,*,*,*
246907   JARRELL ISD,10,18.9%,9,17.0%,34,64.2%,53,100.0%
121904   JASPER ISD,28,15.7%,46,25.8%,104,58.4%,178,100.0%
132902   JAYTON-GIRARD ISD,*,*,*,*,*,*,8,100.0%
057819   JEAN MASSIEU ACADEMY,,,*,*,*,*,5,100.0%
155901   JEFFERSON ISD,7,10.1%,16,23.2%,46,66.7%,69,100.0%
124901   JIM HOGG COUNTY ISD,12,22.6%,15,28.3%,26,49.1%,53,100.0%
221911   JIM NED CISD,19,27.5%,19,27.5%,31,44.9%,69,100.0%
210902   JOAQUIN ISD,7,15.2%,14,30.4%,25,54.4%,46,100.0%
015808   JOHN H WOOD JR PUBLIC CHARTER DIST,,,,,10,100.0%,10,100.0%
016901   JOHNSON CITY ISD,14,28.0%,16,32.0%,20,40.0%,50,100.0%
050909   JONESBORO ISD,*,*,*,*,5,35.7%,14,100.0%
126905   JOSHUA ISD,47,16.3%,85,29.4%,157,54.3%,289,100.0%
007902   JOURDANTON ISD,22,27.5%,17,21.3%,41,51.3%,80,100.0%
101852   JUAN B GALAVIZ CHARTER SCHOOL,,,,,*,*,*,*
015822   JUBILEE ACADEMIC CENTER,7,21.2%,14,42.4%,12,36.4%,33,100.0%
015916   JUDSON ISD,197,14.4%,404,29.5%,768,56.1%,"1,369",100.0%
134901   JUNCTION ISD,17,27.9%,11,18.0%,33,54.1%,61,100.0%
102901   KARNACK ISD,*,*,*,*,6,75.0%,8,100.0%
128901   KARNES CITY ISD,11,19.0%,15,25.9%,32,55.2%,58,100.0%
105801   KATHERINE ANNE PORTER SCHOOL,7,18.9%,6,16.2%,24,64.9%,37,100.0%
101914   KATY ISD,939,23.0%,"1,110",27.1%,"2,041",49.9%,"4,090",100.0%
129903   KAUFMAN ISD,41,14.7%,92,33.0%,146,52.3%,279,100.0%
126906   KEENE ISD,6,12.5%,16,33.3%,26,54.2%,48,100.0%
220907   KELLER ISD,499,24.1%,678,32.7%,898,43.3%,"2,075",100.0%
242905   KELTON ISD,*,*,*,*,,,*,*
129904   KEMP ISD,13,13.1%,27,27.3%,59,59.6%,99,100.0%
128902   KENEDY ISD,*,*,*,*,22,62.9%,35,100.0%
113906   KENNARD ISD,*,*,*,*,11,64.7%,17,100.0%
220914   KENNEDALE ISD,54,24.6%,66,30.0%,100,45.5%,220,100.0%
175907   KERENS ISD,7,18.0%,21,53.9%,11,28.2%,39,100.0%
248901   KERMIT ISD,8,10.5%,28,36.8%,40,52.6%,76,100.0%
133903   KERRVILLE ISD,51,16.4%,38,12.2%,223,71.5%,312,100.0%
092902   KILGORE ISD,20,8.4%,103,43.3%,115,48.3%,238,100.0%
014906   KILLEEN ISD,359,18.8%,598,31.3%,952,49.9%,"1,909",100.0%
137901   KINGSVILLE ISD,55,31.6%,39,22.4%,80,46.0%,174,100.0%
227820   KIPP AUSTIN PUBLIC SCHOOLS INC,10,18.2%,10,18.2%,35,63.6%,55,100.0%
101813   KIPP INC CHARTER,60,45.8%,16,12.2%,55,42.0%,131,100.0%
121905   KIRBYVILLE CISD,20,23.0%,19,21.8%,48,55.2%,87,100.0%
101915   KLEIN ISD,717,23.4%,"1,111",36.3%,"1,233",40.3%,"3,061",100.0%
058905   KLONDIKE ISD,*,*,*,*,8,47.1%,17,100.0%
232901   KNIPPA ISD,*,*,*,*,*,*,8,100.0%
138902   KNOX CITY-O'BRIEN CISD,*,*,*,*,*,*,15,100.0%
018907   KOPPERL ISD,*,*,*,*,12,70.6%,17,100.0%
100903   KOUNTZE ISD,23,28.1%,18,22.0%,41,50.0%,82,100.0%
219905   KRESS ISD,*,*,*,*,9,56.3%,16,100.0%
061905   KRUM ISD,20,26.3%,22,29.0%,34,44.7%,76,100.0%
031905   LA FERIA ISD,55,24.6%,74,33.0%,95,42.4%,224,100.0%
075902   LA GRANGE ISD,16,14.4%,42,37.8%,53,47.8%,111,100.0%
108912   LA JOYA ISD,293,17.8%,377,22.9%,978,59.3%,"1,648",100.0%
084904   LA MARQUE ISD,31,25.8%,30,25.0%,59,49.2%,120,100.0%
101916   LA PORTE ISD,82,16.9%,202,41.7%,200,41.3%,484,100.0%
254902   LA PRYOR ISD,,,20,52.6%,18,47.4%,38,100.0%
161906   LA VEGA ISD,15,9.7%,67,43.5%,72,46.8%,154,100.0%
247903   LA VERNIA ISD,42,20.5%,63,30.7%,100,48.8%,205,100.0%
108914   LA VILLA ISD,12,32.4%,7,18.9%,18,48.7%,37,100.0%
015913   LACKLAND ISD,7,18.0%,9,23.1%,23,59.0%,39,100.0%
227912   LAGO VISTA ISD,34,44.7%,21,27.6%,21,27.6%,76,100.0%
061912   LAKE DALLAS ISD,40,15.4%,97,37.3%,123,47.3%,260,100.0%
227913   LAKE TRAVIS ISD,152,29.6%,132,25.7%,229,44.6%,513,100.0%
220910   LAKE WORTH ISD,19,14.1%,40,29.6%,76,56.3%,135,100.0%
079901   LAMAR CISD,308,23.0%,430,32.1%,601,44.9%,"1,339",100.0%
058906   LAMESA ISD,18,20.7%,33,37.9%,36,41.4%,87,100.0%
141901   LAMPASAS ISD,43,20.3%,64,30.2%,105,49.5%,212,100.0%
057913   LANCASTER ISD,86,25.8%,93,27.8%,155,46.4%,334,100.0%
201903   LANEVILLE ISD,,,*,*,5,62.5%,8,100.0%
107910   LAPOYNOR ISD,*,*,*,*,13,50.0%,26,100.0%
240901   LAREDO ISD,242,21.7%,478,42.9%,394,35.4%,"1,114",100.0%
245901   LASARA ISD,5,21.7%,6,26.1%,12,52.2%,23,100.0%
113905   LATEXO ISD,5,17.2%,10,34.5%,14,48.3%,29,100.0%
185904   LAZBUDDIE ISD,*,*,*,*,5,41.7%,12,100.0%
193902   LEAKEY ISD,*,*,*,*,9,64.3%,14,100.0%
246913   LEANDER ISD,540,28.4%,553,29.1%,810,42.6%,"1,903",100.0%
019914   LEARY ISD,,,,,12,100.0%,12,100.0%
090902   LEFORS ISD,*,*,*,*,6,66.7%,9,100.0%
187906   LEGGETT ISD,,,8,66.7%,*,*,12,100.0%
145911   LEON ISD,7,14.3%,19,38.8%,23,46.9%,49,100.0%
074909   LEONARD ISD,7,15.2%,12,26.1%,27,58.7%,46,100.0%
110902   LEVELLAND ISD,11,6.2%,81,45.5%,86,48.3%,178,100.0%
201904   LEVERETTS CHAPEL ISD,,,8,57.1%,6,42.9%,14,100.0%
061902   LEWISVILLE ISD,767,22.3%,"1,072",31.2%,"1,600",46.5%,"3,439",100.0%
144902   LEXINGTON ISD,10,17.5%,25,43.9%,22,38.6%,57,100.0%
246908   LIBERTY HILL ISD,50,29.4%,43,25.3%,77,45.3%,170,100.0%
146906   LIBERTY ISD,25,20.7%,39,32.2%,57,47.1%,121,100.0%
019908   LIBERTY-EYLAU ISD,23,13.7%,33,19.6%,112,66.7%,168,100.0%
057807   LIFE SCHOOL,28,21.1%,54,40.6%,51,38.4%,133,100.0%
212903   LINDALE ISD,49,19.8%,89,36.0%,109,44.1%,247,100.0%
034905   LINDEN-KILDARE CISD,12,20.0%,22,36.7%,26,43.3%,60,100.0%
049907   LINDSAY ISD,11,26.2%,14,33.3%,17,40.5%,42,100.0%
072909   LINGLEVILLE ISD,*,*,*,*,6,37.5%,16,100.0%
111902   LIPAN ISD,5,23.8%,6,28.6%,10,47.6%,21,100.0%
181908   LITTLE CYPRESS-MAURICEVILLE CISD,57,23.5%,81,33.3%,105,43.2%,243,100.0%
061914   LITTLE ELM ISD,64,18.9%,97,28.6%,178,52.5%,339,100.0%
140904   LITTLEFIELD ISD,11,12.2%,37,41.1%,42,46.7%,90,100.0%
187907   LIVINGSTON ISD,51,20.1%,60,23.6%,143,56.3%,254,100.0%
150901   LLANO ISD,32,31.7%,22,21.8%,47,46.5%,101,100.0%
028902   LOCKHART ISD,60,18.1%,59,17.8%,212,64.1%,331,100.0%
077902   LOCKNEY ISD,7,21.9%,8,25.0%,17,53.1%,32,100.0%
160905   LOHN ISD,*,*,*,*,*,*,8,100.0%
141902   LOMETA ISD,*,*,*,*,11,64.7%,17,100.0%
116906   LONE OAK ISD,10,12.1%,32,38.6%,41,49.4%,83,100.0%
092903   LONGVIEW ISD,66,13.4%,164,33.4%,261,53.2%,491,100.0%
083902   LOOP ISD,*,*,*,*,5,45.5%,11,100.0%
168902   LORAINE ISD,,,6,60.0%,*,*,10,100.0%
161907   LORENA ISD,17,14.3%,56,47.1%,46,38.7%,119,100.0%
054902   LORENZO ISD,*,*,*,*,13,72.2%,18,100.0%
031906   LOS FRESNOS CISD,162,27.8%,143,24.6%,277,47.6%,582,100.0%
241906   LOUISE ISD,7,17.1%,15,36.6%,19,46.3%,41,100.0%
043919   LOVEJOY ISD,62,25.6%,68,28.1%,112,46.3%,242,100.0%
113903   LOVELADY ISD,8,19.1%,11,26.2%,23,54.8%,42,100.0%
152901   LUBBOCK ISD,298,19.7%,414,27.4%,798,52.9%,"1,510",100.0%
152906   LUBBOCK-COOPER ISD,34,21.5%,61,38.6%,63,39.9%,158,100.0%
127905   LUEDERS-AVOCA ISD,*,*,*,*,*,*,12,100.0%
003903   LUFKIN ISD,80,16.0%,183,36.7%,236,47.3%,499,100.0%
028903   LULING ISD,14,14.7%,19,20.0%,62,65.3%,95,100.0%
100907   LUMBERTON ISD,91,38.7%,34,14.5%,110,46.8%,235,100.0%
245902   LYFORD CISD,28,23.7%,46,39.0%,44,37.3%,118,100.0%
007904   LYTLE ISD,25,20.2%,33,26.6%,66,53.2%,124,100.0%
129905   MABANK ISD,25,10.4%,78,32.4%,138,57.3%,241,100.0%
154901   MADISONVILLE CISD,41,28.3%,24,16.6%,80,55.2%,145,100.0%
170906   MAGNOLIA ISD,126,16.1%,263,33.5%,396,50.5%,785,100.0%
107906   MALAKOFF ISD,8,11.0%,24,32.9%,41,56.2%,73,100.0%
227907   MANOR ISD,67,23.6%,65,22.9%,152,53.5%,284,100.0%
220908   MANSFIELD ISD,522,25.6%,702,34.4%,815,40.0%,"2,039",100.0%
022902   MARATHON ISD,*,*,,,*,*,5,100.0%
027904   MARBLE FALLS ISD,62,26.7%,40,17.2%,130,56.0%,232,100.0%
189901   MARFA ISD,*,*,*,*,17,58.6%,29,100.0%
094904   MARION ISD,26,30.2%,18,20.9%,42,48.8%,86,100.0%
073903   MARLIN ISD,10,14.1%,27,38.0%,34,47.9%,71,100.0%
102902   MARSHALL ISD,31,9.2%,99,29.4%,207,61.4%,337,100.0%
161908   MART ISD,*,*,*,*,20,44.4%,45,100.0%
234905   MARTINS MILL ISD,5,17.9%,13,46.4%,10,35.7%,28,100.0%
174909   MARTINSVILLE ISD,6,21.4%,6,21.4%,16,57.1%,28,100.0%
157901   MASON ISD,21,46.7%,5,11.1%,19,42.2%,45,100.0%
205904   MATHIS ISD,21,19.4%,20,18.5%,67,62.0%,108,100.0%
019903   MAUD ISD,6,15.8%,9,23.7%,23,60.5%,38,100.0%
025905   MAY ISD,,,7,50.0%,7,50.0%,14,100.0%
070915   MAYPEARL ISD,12,16.7%,24,33.3%,36,50.0%,72,100.0%
108906   MCALLEN ISD,478,33.5%,345,24.1%,606,42.4%,"1,429",100.0%
231901   MCCAMEY ISD,*,*,*,*,12,57.1%,21,100.0%
161909   MCGREGOR ISD,9,12.7%,32,45.1%,30,42.3%,71,100.0%
043907   MCKINNEY ISD,285,19.4%,476,32.5%,706,48.1%,"1,467",100.0%
090903   MCLEAN ISD,5,35.7%,6,42.9%,*,*,14,100.0%
034906   MCLEOD ISD,*,*,*,*,20,71.4%,28,100.0%
162904   MCMULLEN COUNTY ISD,*,*,*,*,8,57.1%,14,100.0%
223902   MEADOW ISD,*,*,*,*,5,27.8%,18,100.0%
130801   MEADOWLAND CHARTER SCHOOL,,,*,*,11,84.6%,13,100.0%
010901   MEDINA ISD,5,15.2%,8,24.2%,20,60.6%,33,100.0%
163908   MEDINA VALLEY ISD,54,23.2%,59,25.3%,120,51.5%,233,100.0%
043908   MELISSA ISD,17,16.0%,30,28.3%,59,55.7%,106,100.0%
096904   MEMPHIS ISD,6,18.8%,10,31.3%,16,50.0%,32,100.0%
164901   MENARD ISD,8,34.8%,7,30.4%,8,34.8%,23,100.0%
108907   MERCEDES ISD,69,22.4%,119,38.6%,120,39.0%,308,100.0%
018902   MERIDIAN ISD,11,32.4%,13,38.2%,10,29.4%,34,100.0%
221904   MERKEL ISD,10,14.3%,16,22.9%,44,62.9%,70,100.0%
057914   MESQUITE ISD,426,18.1%,755,32.2%,"1,167",49.7%,"2,348",100.0%
147903   MEXIA ISD,11,9.2%,56,46.7%,53,44.2%,120,100.0%
197902   MIAMI ISD,*,*,*,*,9,64.3%,14,100.0%
165901   MIDLAND ISD,185,15.0%,480,38.9%,568,46.1%,"1,233",100.0%
070908   MIDLOTHIAN ISD,118,23.8%,192,38.7%,186,37.5%,496,100.0%
108804   MID-VALLEY ACADEMY,7,5.0%,30,21.4%,103,73.6%,140,100.0%
039905   MIDWAY ISD,*,*,*,*,*,*,9,100.0%
161903   MIDWAY ISD,65,12.8%,224,44.2%,218,43.0%,507,100.0%
166903   MILANO ISD,5,15.2%,11,33.3%,17,51.5%,33,100.0%
175910   MILDRED ISD,*,*,*,*,18,36.0%,50,100.0%
200902   MILES ISD,12,54.6%,6,27.3%,*,*,22,100.0%
070909   MILFORD ISD,*,*,*,*,*,*,8,100.0%
112907   MILLER GROVE ISD,*,*,*,*,12,60.0%,20,100.0%
184904   MILLSAP ISD,9,13.2%,28,41.2%,31,45.6%,68,100.0%
250903   MINEOLA ISD,11,11.7%,25,26.6%,58,61.7%,94,100.0%
182903   MINERAL WELLS ISD,31,13.2%,65,27.7%,139,59.2%,235,100.0%
108908   MISSION CISD,214,26.7%,227,28.3%,362,45.1%,803,100.0%
238902   MONAHANS-WICKETT-PYOTE ISD,28,19.4%,36,25.0%,80,55.6%,144,100.0%
170903   MONTGOMERY ISD,118,25.7%,143,31.1%,199,43.3%,460,100.0%
161910   MOODY ISD,*,*,*,*,20,52.6%,38,100.0%
209902   MORAN ISD,*,*,*,*,*,*,5,100.0%
018903   MORGAN ISD,,,*,*,*,*,5,100.0%
040901   MORTON ISD,*,*,*,*,12,50.0%,24,100.0%
173901   MOTLEY COUNTY ISD,*,*,*,*,*,*,15,100.0%
143902   MOULTON ISD,*,*,*,*,10,33.3%,30,100.0%
201907   MOUNT ENTERPRISE ISD,*,*,*,*,10,37.0%,27,100.0%
225902   MOUNT PLEASANT ISD,16,5.4%,122,41.4%,157,53.2%,295,100.0%
080901   MOUNT VERNON ISD,7,6.9%,43,42.2%,52,51.0%,102,100.0%
049902   MUENSTER ISD,15,38.5%,5,12.8%,19,48.7%,39,100.0%
009901   MULESHOE ISD,12,16.9%,13,18.3%,46,64.8%,71,100.0%
167902   MULLIN ISD,*,*,*,*,*,*,7,100.0%
198906   MUMFORD ISD,*,*,*,*,15,65.2%,23,100.0%
138903   MUNDAY CISD,6,24.0%,5,20.0%,14,56.0%,25,100.0%
174904   NACOGDOCHES ISD,89,25.3%,81,23.0%,182,51.7%,352,100.0%
163903   NATALIA ISD,12,23.5%,9,17.7%,30,58.8%,51,100.0%
094903   NAVARRO ISD,39,35.8%,25,22.9%,45,41.3%,109,100.0%
093904   NAVASOTA ISD,28,17.6%,34,21.4%,97,61.0%,159,100.0%
035903   NAZARETH ISD,*,*,*,*,*,*,12,100.0%
001906   NECHES ISD,*,*,*,*,10,55.6%,18,100.0%
123905   NEDERLAND ISD,104,32.4%,82,25.6%,135,42.1%,321,100.0%
079906   NEEDVILLE ISD,42,25.3%,66,39.8%,58,34.9%,166,100.0%
019905   NEW BOSTON ISD,12,13.3%,34,37.8%,44,48.9%,90,100.0%
046901   NEW BRAUNFELS ISD,128,23.1%,107,19.3%,320,57.7%,555,100.0%
170908   NEW CANEY ISD,60,10.4%,201,34.7%,318,54.9%,579,100.0%
152902   NEW DEAL ISD,5,11.6%,12,27.9%,26,60.5%,43,100.0%
230906   NEW DIANA ISD,10,16.4%,26,42.6%,25,41.0%,61,100.0%
153905   NEW HOME ISD,,,5,62.5%,*,*,8,100.0%
037908   NEW SUMMERFIELD ISD,,,8,24.2%,25,75.8%,33,100.0%
236901   NEW WAVERLY ISD,26,32.5%,23,28.8%,31,38.8%,80,100.0%
252902   NEWCASTLE ISD,5,29.4%,5,29.4%,7,41.2%,17,100.0%
176902   NEWTON ISD,9,14.1%,10,15.6%,45,70.3%,64,100.0%
089903   NIXON-SMILEY CISD,9,13.2%,11,16.2%,48,70.6%,68,100.0%
169902   NOCONA ISD,13,25.5%,19,37.3%,19,37.3%,51,100.0%
062902   NORDHEIM ISD,,,*,*,7,77.8%,9,100.0%
145906   NORMANGEE ISD,*,*,*,*,22,62.9%,35,100.0%
015910   NORTH EAST ISD,"1,040",23.5%,"1,205",27.2%,"2,180",49.3%,"4,425",100.0%
101909   NORTH FOREST ISD,49,25.0%,47,24.0%,100,51.0%,196,100.0%
112906   NORTH HOPKINS ISD,*,*,*,*,13,48.2%,27,100.0%
139911   NORTH LAMAR ISD,18,10.2%,89,50.6%,69,39.2%,176,100.0%
154903   NORTH ZULCH ISD,*,*,*,*,19,61.3%,31,100.0%
015915   NORTHSIDE ISD,"1,134",18.8%,"2,003",33.3%,"2,883",47.9%,"6,020",100.0%
244905   NORTHSIDE ISD,*,*,*,*,*,*,7,100.0%
061911   NORTHWEST ISD,185,20.8%,279,31.4%,425,47.8%,889,100.0%
101848   NORTHWEST PREPARATORY,,,,,46,100.0%,46,100.0%
042906   NOVICE ISD,*,*,,,*,*,*,*
069902   NUECES CANYON CISD,*,*,*,*,13,46.4%,28,100.0%
227804   NYOS CHARTER SCHOOL,9,36.0%,5,20.0%,11,44.0%,25,100.0%
145907   OAKWOOD ISD,,,*,*,6,66.7%,9,100.0%
205905   ODEM-EDROY ISD,17,34.0%,9,18.0%,24,48.0%,50,100.0%
153903   O'DONNELL ISD,*,*,*,*,7,36.8%,19,100.0%
050904   OGLESBY ISD,,,5,71.4%,*,*,7,100.0%
252903   OLNEY ISD,7,17.5%,11,27.5%,22,55.0%,40,100.0%
140905   OLTON ISD,19,38.8%,7,14.3%,23,46.9%,49,100.0%
187910   ONALASKA ISD,7,15.6%,12,26.7%,26,57.8%,45,100.0%
125903   ORANGE GROVE ISD,26,26.3%,29,29.3%,44,44.4%,99,100.0%
181905   ORANGEFIELD ISD,28,27.2%,36,35.0%,39,37.9%,103,100.0%
230903   ORE CITY ISD,*,*,*,*,28,60.9%,46,100.0%
014804   ORENDA CHARTER SCHOOL,*,*,*,*,41,65.1%,63,100.0%
201908   OVERTON ISD,*,*,*,*,24,66.7%,36,100.0%
051901   PADUCAH ISD,*,*,*,*,8,57.1%,14,100.0%
104907   PAINT CREEK ISD,*,*,*,*,*,*,12,100.0%
048903   PAINT ROCK ISD,*,*,*,*,*,*,7,100.0%
158905   PALACIOS ISD,18,18.6%,34,35.1%,45,46.4%,97,100.0%
001907   PALESTINE ISD,13,9.4%,47,33.8%,79,56.8%,139,100.0%
070910   PALMER ISD,10,15.9%,32,50.8%,21,33.3%,63,100.0%
090904   PAMPA ISD,47,20.9%,45,20.0%,133,59.1%,225,100.0%
033902   PANHANDLE ISD,14,25.9%,13,24.1%,27,50.0%,54,100.0%
183801   PANOLA CHARTER SCHOOL,*,*,*,*,16,59.3%,27,100.0%
042905   PANTHER CREEK CISD,*,*,*,*,*,*,11,100.0%
249906   PARADISE ISD,10,13.3%,32,42.7%,33,44.0%,75,100.0%
139909   PARIS ISD,33,17.7%,81,43.6%,72,38.7%,186,100.0%
101917   PASADENA ISD,392,13.2%,"1,173",39.6%,"1,396",47.2%,"2,961",100.0%
071803   PASO DEL NORTE,*,*,*,*,67,63.8%,105,100.0%
063906   PATTON SPRINGS ISD,*,*,*,*,,,*,*
020908   PEARLAND ISD,292,23.3%,460,36.7%,500,39.9%,"1,252",100.0%
082903   PEARSALL ISD,17,13.2%,33,25.6%,79,61.2%,129,100.0%
184908   PEASTER ISD,8,10.7%,37,49.3%,30,40.0%,75,100.0%
195901   PECOS-BARSTOW-TOYAH ISD,32,23.0%,34,24.5%,73,52.5%,139,100.0%
057802   PEGASUS SCHOOL OF LIBERAL ARTS AND,7,21.9%,14,43.8%,11,34.4%,32,100.0%
109914   PENELOPE ISD,*,*,*,*,*,*,16,100.0%
119903   PERRIN-WHITT CISD,*,*,*,*,17,68.0%,25,100.0%
179901   PERRYTON ISD,15,10.2%,38,25.9%,94,64.0%,147,100.0%
095904   PETERSBURG ISD,*,*,*,*,8,57.1%,14,100.0%
039903   PETROLIA ISD,6,14.3%,16,38.1%,20,47.6%,42,100.0%
013903   PETTUS ISD,8,20.5%,16,41.0%,15,38.5%,39,100.0%
172905   PEWITT CISD,5,7.3%,25,36.2%,39,56.5%,69,100.0%
227904   PFLUGERVILLE ISD,358,25.3%,385,27.2%,675,47.6%,"1,418",100.0%
108909   PHARR-SAN JUAN-ALAMO ISD,438,23.2%,412,21.8%,"1,039",55.0%,"1,889",100.0%
116801   PHOENIX CHARTER SCHOOL,*,*,*,*,13,72.2%,18,100.0%
061903   PILOT POINT ISD,18,18.8%,41,42.7%,37,38.5%,96,100.0%
092904   PINE TREE ISD,43,15.0%,113,39.4%,131,45.6%,287,100.0%
032902   PITTSBURG ISD,8,5.6%,68,47.9%,66,46.5%,142,100.0%
251902   PLAINS ISD,6,16.7%,14,38.9%,16,44.4%,36,100.0%
095905   PLAINVIEW ISD,35,10.8%,58,18.0%,230,71.2%,323,100.0%
043910   PLANO ISD,796,21.9%,"1,076",29.6%,"1,762",48.5%,"3,634",100.0%
019912   PLEASANT GROVE ISD,19,16.2%,24,20.5%,74,63.3%,117,100.0%
007905   PLEASANTON ISD,31,15.8%,43,21.9%,122,62.2%,196,100.0%
117904   PLEMONS-STINNETT-PHILLIPS CISD,7,14.6%,16,33.3%,25,52.1%,48,100.0%
031909   POINT ISABEL ISD,24,19.1%,33,26.2%,69,54.8%,126,100.0%
061906   PONDER ISD,13,16.1%,35,43.2%,33,40.7%,81,100.0%
184901   POOLVILLE ISD,*,*,*,*,25,75.8%,33,100.0%
015801   POR VIDA ACADEMY,*,*,*,*,67,85.9%,78,100.0%
178908   PORT ARANSAS ISD,14,30.4%,7,15.2%,25,54.4%,46,100.0%
123907   PORT ARTHUR ISD,74,15.6%,135,28.4%,267,56.1%,476,100.0%
123908   PORT NECHES-GROVES ISD,93,27.7%,103,30.7%,140,41.7%,336,100.0%
015814   POSITIVE SOLUTIONS CHARTER SCHOOL,,,*,*,22,84.6%,26,100.0%
085902   POST ISD,5,10.6%,9,19.2%,33,70.2%,47,100.0%
007906   POTEET ISD,10,8.8%,39,34.2%,65,57.0%,114,100.0%
247904   POTH ISD,25,37.9%,15,22.7%,26,39.4%,66,100.0%
091913   POTTSBORO ISD,17,20.5%,34,41.0%,32,38.6%,83,100.0%
028906   PRAIRIE LEA ISD,*,*,*,*,9,64.3%,14,100.0%
169909   PRAIRIE VALLEY ISD,*,*,*,*,*,*,9,100.0%
139912   PRAIRILAND ISD,12,14.5%,38,45.8%,33,39.8%,83,100.0%
072801   PREMIER HIGH SCHOOLS,61,5.5%,294,26.5%,755,68.0%,"1,110",100.0%
084805   PREMIER LEARNING ACADEMY,,,5,50.0%,5,50.0%,10,100.0%
125905   PREMONT ISD,6,17.7%,11,32.4%,17,50.0%,34,100.0%
189902   PRESIDIO ISD,32,31.1%,33,32.0%,38,36.9%,103,100.0%
167904   PRIDDY ISD,*,*,*,*,*,*,*,*
043911   PRINCETON ISD,19,10.1%,64,34.0%,105,55.9%,188,100.0%
108910   PROGRESO ISD,23,19.8%,47,40.5%,46,39.7%,116,100.0%
043912   PROSPER ISD,56,21.1%,86,32.5%,123,46.4%,265,100.0%
099903   QUANAH ISD,5,12.8%,18,46.2%,16,41.0%,39,100.0%
034907   QUEEN CITY ISD,9,11.0%,15,18.3%,58,70.7%,82,100.0%
116908   QUINLAN ISD,31,18.8%,36,21.8%,98,59.4%,165,100.0%
250904   QUITMAN ISD,10,12.2%,39,47.6%,33,40.2%,82,100.0%
015815   RADIANCE ACADEMY OF LEARNING,,,11,44.0%,14,56.0%,25,100.0%
190903   RAINS ISD,25,20.0%,44,35.2%,56,44.8%,125,100.0%
054903   RALLS ISD,*,*,*,*,25,73.5%,34,100.0%
234801   RANCH ACADEMY,*,*,*,*,11,64.7%,17,100.0%
015906   RANDOLPH FIELD ISD,21,28.0%,26,34.7%,28,37.3%,75,100.0%
067907   RANGER ISD,7,24.1%,11,37.9%,11,37.9%,29,100.0%
231902   RANKIN ISD,*,*,*,*,5,41.7%,12,100.0%
161802   RAPOPORT ACADEMY PUBLIC SCHOOL,*,*,*,*,9,50.0%,18,100.0%
101806   RAUL YZAGUIRRE SCHOOL FOR SUCCESS,*,*,*,*,20,58.8%,34,100.0%
236801   RAVEN SCHOOL,,,,,*,*,*,*
245903   RAYMONDVILLE ISD,33,22.8%,35,24.1%,77,53.1%,145,100.0%
192901   REAGAN COUNTY ISD,7,15.6%,13,28.9%,25,55.6%,45,100.0%
070911   RED OAK ISD,92,22.1%,152,36.5%,172,41.4%,416,100.0%
019906   REDWATER ISD,13,14.4%,24,26.7%,53,58.9%,90,100.0%
196903   REFUGIO ISD,13,26.0%,14,28.0%,23,46.0%,50,100.0%
045903   RICE CISD,13,17.8%,34,46.6%,26,35.6%,73,100.0%
175911   RICE ISD,5,8.8%,24,42.1%,28,49.1%,57,100.0%
188801   RICHARD MILBURN ACADEMY (AMARILLO),,,22,29.7%,52,70.3%,74,100.0%
068801   RICHARD MILBURN ACADEMY (ECTOR COU,*,*,*,*,169,78.2%,216,100.0%
220812   RICHARD MILBURN ACADEMY (FORT WORT,*,*,*,*,43,79.6%,54,100.0%
101854   RICHARD MILBURN ACADEMY (SUBURBAN,*,*,*,*,42,70.0%,60,100.0%
014801   RICHARD MILBURN ALTER HIGH SCHOOL,,,12,15.4%,66,84.6%,78,100.0%
178804   RICHARD MILBURN ALTER HIGH SCHOOL,*,*,*,*,49,69.0%,71,100.0%
093905   RICHARDS ISD,,,*,*,*,*,*,*
057916   RICHARDSON ISD,445,21.6%,601,29.2%,"1,012",49.2%,"2,058",100.0%
057840   RICHLAND COLLEGIATE HIGH SCHOOL,109,58.0%,42,22.3%,37,19.7%,188,100.0%
206902   RICHLAND SPRINGS ISD,*,*,*,*,6,42.9%,14,100.0%
161912   RIESEL ISD,*,*,*,*,13,26.5%,49,100.0%
214901   RIO GRANDE CITY CISD,132,22.1%,177,29.6%,289,48.3%,598,100.0%
031911   RIO HONDO ISD,30,19.2%,60,38.5%,66,42.3%,156,100.0%
126907   RIO VISTA ISD,7,18.0%,18,46.2%,14,35.9%,39,100.0%
067908   RISING STAR ISD,*,*,*,*,*,*,10,100.0%
188902   RIVER ROAD ISD,9,9.3%,43,44.3%,45,46.4%,97,100.0%
194903   RIVERCREST ISD,*,*,*,*,15,35.7%,42,100.0%
137903   RIVIERA ISD,31,46.3%,11,16.4%,25,37.3%,67,100.0%
041902   ROBERT LEE ISD,*,*,*,*,11,52.4%,21,100.0%
161922   ROBINSON ISD,15,9.5%,82,51.9%,61,38.6%,158,100.0%
178909   ROBSTOWN ISD,38,27.3%,32,23.0%,69,49.6%,139,100.0%
076903   ROBY CISD,6,20.0%,9,30.0%,15,50.0%,30,100.0%
160904   ROCHELLE ISD,*,*,*,*,7,50.0%,14,100.0%
166904   ROCKDALE ISD,20,16.4%,46,37.7%,56,45.9%,122,100.0%
069901   ROCKSPRINGS ISD,*,*,*,*,8,53.3%,15,100.0%
199901   ROCKWALL ISD,237,23.5%,351,34.8%,422,41.8%,"1,010",100.0%
014907   ROGERS ISD,8,11.9%,32,47.8%,27,40.3%,67,100.0%
214903   ROMA ISD,114,28.5%,131,32.8%,155,38.8%,400,100.0%
152908   ROOSEVELT ISD,9,13.4%,19,28.4%,39,58.2%,67,100.0%
110905   ROPES ISD,*,*,*,*,6,20.7%,29,100.0%
177901   ROSCOE ISD,*,*,*,*,14,63.6%,22,100.0%
073905   ROSEBUD-LOTT ISD,10,17.5%,24,42.1%,23,40.4%,57,100.0%
076904   ROTAN ISD,5,23.8%,9,42.9%,7,33.3%,21,100.0%
246909   ROUND ROCK ISD,788,28.8%,763,27.9%,"1,183",43.3%,"2,734",100.0%
075908   ROUND TOP-CARMINE ISD,*,*,*,*,*,*,8,100.0%
139908   ROXTON ISD,,,*,*,7,63.6%,11,100.0%
237905   ROYAL ISD,19,14.4%,30,22.7%,83,62.9%,132,100.0%
199902   ROYSE CITY ISD,37,13.9%,86,32.2%,144,53.9%,267,100.0%
104903   RULE ISD,*,*,*,*,*,*,6,100.0%
128903   RUNGE ISD,*,*,*,*,8,53.3%,15,100.0%
037907   RUSK ISD,15,15.5%,27,27.8%,55,56.7%,97,100.0%
091914   S AND S CISD,8,13.8%,27,46.6%,23,39.7%,58,100.0%
232902   SABINAL ISD,7,19.4%,17,47.2%,12,33.3%,36,100.0%
092906   SABINE ISD,5,7.0%,37,52.1%,29,40.9%,71,100.0%
123913   SABINE PASS ISD,10,37.0%,10,37.0%,7,25.9%,27,100.0%
169911   SAINT JO ISD,*,*,*,*,13,65.0%,20,100.0%
014908   SALADO ISD,30,31.3%,32,33.3%,34,35.4%,96,100.0%
112909   SALTILLO ISD,*,*,*,*,7,38.9%,18,100.0%
074917   SAM RAYBURN ISD,*,*,*,*,21,53.9%,39,100.0%
226903   SAN ANGELO ISD,262,27.9%,142,15.1%,534,56.9%,938,100.0%
015817   SAN ANTONIO CAN HIGH SCHOOL,,,16,20.8%,61,79.2%,77,100.0%
015907   SAN ANTONIO ISD,338,12.5%,807,29.9%,"1,551",57.5%,"2,696",100.0%
015820   SAN ANTONIO SCHOOL FOR INQUIRY & C,,,*,*,33,89.2%,37,100.0%
015823   SAN ANTONIO TECHNOLOGY ACADEMY,,,6,20.0%,24,80.0%,30,100.0%
203901   SAN AUGUSTINE ISD,9,20.0%,7,15.6%,29,64.4%,45,100.0%
031912   SAN BENITO CISD,136,21.1%,230,35.7%,278,43.2%,644,100.0%
066902   SAN DIEGO ISD,23,28.4%,18,22.2%,40,49.4%,81,100.0%
071904   SAN ELIZARIO ISD,37,15.6%,85,35.7%,116,48.7%,238,100.0%
233901   SAN FELIPE-DEL RIO CISD,118,19.6%,208,34.5%,277,45.9%,603,100.0%
214902   SAN ISIDRO ISD,8,26.7%,5,16.7%,17,56.7%,30,100.0%
105902   SAN MARCOS CISD,117,23.4%,76,15.2%,307,61.4%,500,100.0%
245904   SAN PERLITA ISD,*,*,*,*,5,29.4%,17,100.0%
206901   SAN SABA ISD,11,32.4%,11,32.4%,12,35.3%,34,100.0%
058909   SANDS CISD,*,*,*,*,*,*,13,100.0%
117903   SANFORD-FRITCH ISD,*,*,*,*,29,63.0%,46,100.0%
061908   SANGER ISD,26,15.3%,59,34.7%,85,50.0%,170,100.0%
042903   SANTA ANNA ISD,*,*,*,*,10,66.7%,15,100.0%
084909   SANTA FE ISD,39,11.8%,140,42.3%,152,45.9%,331,100.0%
137904   SANTA GERTRUDIS ISD,*,*,*,*,15,39.5%,38,100.0%
031913   SANTA MARIA ISD,10,28.6%,8,22.9%,17,48.6%,35,100.0%
031914   SANTA ROSA ISD,12,17.9%,19,28.4%,36,53.7%,67,100.0%
182904   SANTO ISD,9,31.0%,7,24.1%,13,44.8%,29,100.0%
074911   SAVOY ISD,*,*,*,*,7,28.0%,25,100.0%
094902   SCHERTZ-CIBOLO-U CITY ISD,244,24.1%,237,23.4%,531,52.5%,"1,012",100.0%
207901   SCHLEICHER ISD,9,23.7%,10,26.3%,19,50.0%,38,100.0%
015806   SCHOOL OF EXCELLENCE IN EDUCATION,10,16.1%,20,32.3%,32,51.6%,62,100.0%
015827   SCHOOL OF SCIENCE AND TECHNOLOGY,6,16.2%,6,16.2%,25,67.6%,37,100.0%
075903   SCHULENBURG ISD,13,26.0%,19,38.0%,18,36.0%,50,100.0%
129910   SCURRY-ROSSER ISD,10,17.0%,18,30.5%,31,52.5%,59,100.0%
083901   SEAGRAVES ISD,5,17.2%,5,17.2%,19,65.5%,29,100.0%
008902   SEALY ISD,33,18.3%,59,32.8%,88,48.9%,180,100.0%
094901   SEGUIN ISD,73,15.4%,62,13.1%,338,71.5%,473,100.0%
083903   SEMINOLE ISD,26,16.9%,29,18.8%,99,64.3%,154,100.0%
012901   SEYMOUR ISD,5,14.3%,11,31.4%,19,54.3%,35,100.0%
152909   SHALLOWATER ISD,36,31.3%,36,31.3%,43,37.4%,115,100.0%
242902   SHAMROCK ISD,*,*,*,*,10,55.6%,18,100.0%
108911   SHARYLAND ISD,237,35.3%,175,26.0%,260,38.7%,672,100.0%
015819   SHEKINAH RADIANCE ACADEMY,,,5,18.5%,22,81.5%,27,100.0%
210903   SHELBYVILLE ISD,5,15.6%,16,50.0%,11,34.4%,32,100.0%
101924   SHELDON ISD,55,16.0%,107,31.2%,181,52.8%,343,100.0%
204904   SHEPHERD ISD,11,9.7%,26,22.8%,77,67.5%,114,100.0%
091906   SHERMAN ISD,35,9.1%,116,30.1%,234,60.8%,385,100.0%
143903   SHINER ISD,16,34.0%,15,31.9%,16,34.0%,47,100.0%
047905   SIDNEY ISD,*,*,*,*,*,*,9,100.0%
115902   SIERRA BLANCA ISD,*,*,,,5,62.5%,8,100.0%
100904   SILSBEE ISD,40,22.5%,30,16.9%,108,60.7%,178,100.0%
023902   SILVERTON ISD,*,*,*,*,6,54.6%,11,100.0%
019909   SIMMS ISD,5,10.9%,18,39.1%,23,50.0%,46,100.0%
205906   SINTON ISD,35,25.0%,36,25.7%,69,49.3%,140,100.0%
013905   SKIDMORE-TYNAN ISD,9,15.0%,27,45.0%,24,40.0%,60,100.0%
152903   SLATON ISD,9,13.0%,22,31.9%,38,55.1%,69,100.0%
249908   SLIDELL ISD,5,29.4%,6,35.3%,6,35.3%,17,100.0%
001909   SLOCUM ISD,6,21.4%,8,28.6%,14,50.0%,28,100.0%
011904   SMITHVILLE ISD,17,16.0%,33,31.1%,56,52.8%,106,100.0%
110906   SMYER ISD,*,*,*,*,13,52.0%,25,100.0%
026903   SNOOK ISD,6,18.2%,17,51.5%,10,30.3%,33,100.0%
208902   SNYDER ISD,10,6.0%,71,42.5%,86,51.5%,167,100.0%
071909   SOCORRO ISD,714,25.7%,"1,026",37.0%,"1,034",37.3%,"2,774",100.0%
015909   SOMERSET ISD,27,14.3%,53,28.0%,109,57.7%,189,100.0%
026902   SOMERVILLE ISD,*,*,*,*,16,53.3%,30,100.0%
218901   SONORA ISD,18,30.0%,14,23.3%,28,46.7%,60,100.0%
152803   SOUTH PLAINS,*,*,*,*,67,88.2%,76,100.0%
015908   SOUTH SAN ANTONIO ISD,55,12.3%,156,34.8%,237,52.9%,448,100.0%
031916   SOUTH TEXAS ISD,268,58.0%,72,15.6%,122,26.4%,462,100.0%
085903   SOUTHLAND ISD,*,*,*,*,7,53.9%,13,100.0%
015917   SOUTHSIDE ISD,33,11.2%,74,25.1%,188,63.7%,295,100.0%
015912   SOUTHWEST ISD,45,6.9%,248,37.9%,362,55.3%,655,100.0%
015807   SOUTHWEST PREPARATORY SCHOOL,,,17,9.8%,157,90.2%,174,100.0%
101838   SOUTHWEST SCHOOL,8,8.9%,26,28.9%,56,62.2%,90,100.0%
098904   SPEARMAN ISD,11,19.6%,11,19.6%,34,60.7%,56,100.0%
170907   SPLENDORA ISD,22,10.5%,61,29.1%,127,60.5%,210,100.0%
101920   SPRING BRANCH ISD,447,24.4%,334,18.2%,"1,054",57.4%,"1,835",100.0%
092907   SPRING HILL ISD,20,17.7%,58,51.3%,35,31.0%,113,100.0%
101919   SPRING ISD,404,20.8%,689,35.5%,850,43.8%,"1,943",100.0%
140907   SPRINGLAKE-EARTH ISD,*,*,*,*,12,44.4%,27,100.0%
184902   SPRINGTOWN ISD,28,13.9%,67,33.2%,107,53.0%,202,100.0%
063903   SPUR ISD,*,*,*,*,6,54.6%,11,100.0%
229905   SPURGER ISD,*,*,*,*,9,69.2%,13,100.0%
079910   STAFFORD MSD,66,29.9%,69,31.2%,86,38.9%,221,100.0%
127906   STAMFORD ISD,8,22.9%,10,28.6%,17,48.6%,35,100.0%
156902   STANTON ISD,7,15.2%,21,45.7%,18,39.1%,46,100.0%
167903   STAR ISD,*,*,*,*,7,58.3%,12,100.0%
072903   STEPHENVILLE,93,45.8%,31,15.3%,79,38.9%,203,100.0%
216901   STERLING CITY ISD,5,38.5%,5,38.5%,*,*,13,100.0%
247906   STOCKDALE ISD,12,27.3%,12,27.3%,20,45.5%,44,100.0%
211902   STRATFORD ISD,11,25.6%,7,16.3%,25,58.1%,43,100.0%
182905   STRAWN ISD,*,*,*,*,*,*,9,100.0%
140908   SUDAN ISD,*,*,*,*,12,48.0%,25,100.0%
112910   SULPHUR BLUFF ISD,*,*,*,*,8,42.1%,19,100.0%
112901   SULPHUR SPRINGS ISD,43,17.1%,84,33.3%,125,49.6%,252,100.0%
110907   SUNDOWN ISD,*,*,*,*,12,35.3%,34,100.0%
057919   SUNNYVALE ISD,31,34.8%,36,40.5%,22,24.7%,89,100.0%
171902   SUNRAY ISD,7,14.9%,16,34.0%,24,51.1%,47,100.0%
020906   SWEENY ISD,21,14.9%,55,39.0%,65,46.1%,141,100.0%
177902   SWEETWATER ISD,25,24.3%,30,29.1%,48,46.6%,103,100.0%
205907   TAFT ISD,13,21.0%,16,25.8%,33,53.2%,62,100.0%
153904   TAHOKA ISD,6,16.2%,12,32.4%,19,51.4%,37,100.0%
146907   TARKINGTON ISD,12,8.7%,39,28.3%,87,63.0%,138,100.0%
201910   TATUM ISD,12,10.0%,47,39.2%,61,50.8%,120,100.0%
246911   TAYLOR ISD,36,17.5%,50,24.3%,120,58.3%,206,100.0%
081904   TEAGUE ISD,11,15.1%,31,42.5%,31,42.5%,73,100.0%
123803   TEKOA ACADEMY OF ACCELERATED STUDI,,,*,*,14,77.8%,18,100.0%
014803   TEMPLE EDUCATION CENTER,,,*,*,7,77.8%,9,100.0%
014909   TEMPLE ISD,59,11.5%,154,30.1%,299,58.4%,512,100.0%
210904   TENAHA ISD,*,*,*,*,20,58.8%,34,100.0%
022004   TERLINGUA CSD,,,,,5,100.0%,5,100.0%
222901   TERRELL COUNTY ISD,5,62.5%,,,*,*,8,100.0%
129906   TERRELL ISD,26,12.7%,66,32.2%,113,55.1%,205,100.0%
019907   TEXARKANA ISD,67,14.1%,119,25.0%,290,60.9%,476,100.0%
084906   TEXAS CITY ISD,51,14.6%,129,36.9%,170,48.6%,350,100.0%
221801   TEXAS COLLEGE PREPARATORY ACADEMIE,12,15.6%,29,37.7%,36,46.8%,77,100.0%
061802   TEXAS EDUCATION CENTERS,*,*,*,*,22,61.1%,36,100.0%
226801   TEXAS LEADERSHIP,*,*,*,*,13,68.4%,19,100.0%
211901   TEXHOMA ISD,*,*,,,27,87.1%,31,100.0%
056902   TEXLINE ISD,*,*,,,*,*,*,*
061803   THE LEGENDS ACADEMY,,,,,7,100.0%,7,100.0%
166905   THORNDALE ISD,9,20.5%,17,38.6%,18,40.9%,44,100.0%
246912   THRALL ISD,9,23.7%,14,36.8%,15,39.5%,38,100.0%
149902   THREE RIVERS ISD,7,13.7%,17,33.3%,27,52.9%,51,100.0%
224901   THROCKMORTON ISD,7,38.9%,7,38.9%,*,*,18,100.0%
158902   TIDEHAVEN ISD,*,*,*,*,21,48.8%,43,100.0%
210905   TIMPSON ISD,*,*,*,*,20,52.6%,38,100.0%
111903   TOLAR ISD,19,35.2%,21,38.9%,14,25.9%,54,100.0%
091918   TOM BEAN ISD,7,11.9%,26,44.1%,26,44.1%,59,100.0%
101921   TOMBALL ISD,149,21.3%,267,38.1%,285,40.7%,701,100.0%
071908   TORNILLO ISD,11,19.6%,15,26.8%,30,53.6%,56,100.0%
014802   TRANSFORMATIVE CHARTER ACADEMY,*,*,*,*,32,82.1%,39,100.0%
220801   TREETOPS SCHOOL INTERNATIONAL,,,*,*,,,*,*
221905   TRENT ISD,*,*,*,*,9,64.3%,14,100.0%
074912   TRENTON ISD,*,*,*,*,27,69.2%,39,100.0%
107907   TRINIDAD ISD,*,*,*,*,7,58.3%,12,100.0%
046802   TRINITY CHARTER SCHOOL,,,*,*,*,*,*,*
228903   TRINITY ISD,6,11.8%,12,23.5%,33,64.7%,51,100.0%
212904   TROUP ISD,7,10.3%,26,38.2%,35,51.5%,68,100.0%
014910   TROY ISD,22,23.2%,33,34.7%,40,42.1%,95,100.0%
219903   TULIA ISD,6,10.5%,17,29.8%,34,59.7%,57,100.0%
178912   TULOSO-MIDWAY ISD,72,27.9%,70,27.1%,116,45.0%,258,100.0%
096905   TURKEY-QUITAQUE ISD,9,33.3%,10,37.0%,8,29.6%,27,100.0%
212905   TYLER ISD,133,14.0%,383,40.4%,431,45.5%,947,100.0%
230908   UNION GROVE ISD,10,15.9%,25,39.7%,28,44.4%,63,100.0%
230904   UNION HILL ISD,*,*,*,*,18,54.6%,33,100.0%
240903   UNITED ISD,689,26.1%,"1,168",44.3%,779,29.6%,"2,636",100.0%
057808   UNIVERSAL ACADEMY,8,36.4%,6,27.3%,8,36.4%,22,100.0%
227806   UNIVERSITY OF TEXAS UNIVERSITY CHA,*,*,*,*,33,56.9%,58,100.0%
057843   UPLIFT EDUCATION - HAMPTON PREPARA,*,*,*,*,8,61.5%,13,100.0%
057803   UPLIFT EDUCATION - NORTH HILLS PRE,36,40.9%,12,13.6%,40,45.5%,88,100.0%
057838   UPLIFT EDUCATION - PEAK PREPARATOR,*,*,*,*,16,41.0%,39,100.0%
057842   UPLIFT EDUCATION - WILLIAMS PREPAR,*,*,*,*,19,52.8%,36,100.0%
220816   UPLIFT EDUCATION-SUMMIT INTERNATIO,*,*,*,*,15,46.9%,32,100.0%
232904   UTOPIA ISD,7,38.9%,8,44.4%,*,*,18,100.0%
232903   UVALDE CISD,25,9.1%,148,53.8%,102,37.1%,275,100.0%
122902   VALENTINE ISD,*,*,*,*,*,*,5,100.0%
018904   VALLEY MILLS ISD,5,11.9%,23,54.8%,14,33.3%,42,100.0%
049903   VALLEY VIEW ISD,7,17.1%,10,24.4%,24,58.5%,41,100.0%
108916   VALLEY VIEW ISD,76,27.1%,84,30.0%,120,42.9%,280,100.0%
091908   VAN ALSTYNE ISD,13,11.5%,46,40.7%,54,47.8%,113,100.0%
234906   VAN ISD,23,14.5%,69,43.4%,67,42.1%,159,100.0%
158906   VAN VLECK ISD,12,17.1%,35,50.0%,23,32.9%,70,100.0%
180902   VEGA ISD,6,24.0%,11,44.0%,8,32.0%,25,100.0%
126908   VENUS ISD,12,10.8%,37,33.3%,62,55.9%,111,100.0%
226908   VERIBEST ISD,*,*,*,*,6,42.9%,14,100.0%
244903   VERNON ISD,16,13.2%,46,38.0%,59,48.8%,121,100.0%
235902   VICTORIA ISD,95,13.2%,287,39.8%,340,47.1%,722,100.0%
101865   VICTORY PREP,*,*,*,*,64,79.0%,81,100.0%
181907   VIDOR ISD,46,14.2%,78,24.1%,200,61.7%,324,100.0%
161914   WACO ISD,57,7.5%,337,44.4%,365,48.1%,759,100.0%
089905   WAELDER ISD,*,*,*,*,13,86.7%,15,100.0%
226906   WALL ISD,42,50.0%,24,28.6%,18,21.4%,84,100.0%
237904   WALLER ISD,56,15.2%,103,28.0%,209,56.8%,368,100.0%
018905   WALNUT SPRINGS ISD,*,*,*,*,9,69.2%,13,100.0%
229904   WARREN ISD,23,31.9%,12,16.7%,37,51.4%,72,100.0%
102903   WASKOM ISD,*,*,*,*,31,75.6%,41,100.0%
226905   WATER VALLEY ISD,*,*,*,*,7,36.8%,19,100.0%
070801   WAXAHACHIE FAITH FAMILY ACADEMY,*,*,*,*,8,50.0%,16,100.0%
070912   WAXAHACHIE ISD,95,18.4%,177,34.2%,245,47.4%,517,100.0%
184903   WEATHERFORD ISD,85,16.7%,191,37.6%,232,45.7%,508,100.0%
240904   WEBB CISD,7,28.0%,7,28.0%,11,44.0%,25,100.0%
045905   WEIMAR ISD,12,25.5%,17,36.2%,18,38.3%,47,100.0%
044902   WELLINGTON ISD,13,36.1%,8,22.2%,15,41.7%,36,100.0%
223904   WELLMAN-UNION CISD,*,*,*,*,*,*,9,100.0%
037909   WELLS ISD,*,*,*,*,10,45.5%,22,100.0%
108913   WESLACO ISD,224,21.8%,349,33.9%,457,44.4%,"1,030",100.0%
100908   WEST HARDIN COUNTY CISD,7,14.3%,10,20.4%,32,65.3%,49,100.0%
161916   WEST ISD,17,13.8%,59,48.0%,47,38.2%,123,100.0%
181906   WEST ORANGE-COVE CISD,29,21.8%,47,35.3%,57,42.9%,133,100.0%
178915   WEST OSO ISD,29,25.4%,24,21.1%,61,53.5%,114,100.0%
201914   WEST RUSK ISD,*,*,*,*,13,31.0%,42,100.0%
202905   WEST SABINE ISD,5,12.8%,14,35.9%,20,51.3%,39,100.0%
168903   WESTBROOK ISD,*,*,*,*,5,45.5%,11,100.0%
220810   WESTLAKE ACADEMY CHARTER SCHOOL,*,*,*,*,9,32.1%,28,100.0%
001908   WESTWOOD ISD,18,17.7%,30,29.4%,54,52.9%,102,100.0%
241904   WHARTON ISD,12,8.7%,77,55.8%,49,35.5%,138,100.0%
242903   WHEELER ISD,*,*,*,*,*,*,17,100.0%
033904   WHITE DEER ISD,6,20.7%,14,48.3%,9,31.0%,29,100.0%
092908   WHITE OAK ISD,9,9.6%,44,46.8%,41,43.6%,94,100.0%
220920   WHITE SETTLEMENT ISD,46,10.3%,144,32.3%,256,57.4%,446,100.0%
040902   WHITEFACE CISD,*,*,*,*,7,41.2%,17,100.0%
212906   WHITEHOUSE ISD,64,20.7%,119,38.4%,127,41.0%,310,100.0%
091909   WHITESBORO ISD,11,11.3%,33,34.0%,53,54.6%,97,100.0%
091910   WHITEWRIGHT ISD,8,15.7%,18,35.3%,25,49.0%,51,100.0%
110908   WHITHARRAL ISD,*,*,*,*,*,*,10,100.0%
109911   WHITNEY ISD,20,23.3%,30,34.9%,36,41.9%,86,100.0%
243905   WICHITA FALLS ISD,219,24.3%,184,20.4%,498,55.3%,901,100.0%
170904   WILLIS ISD,88,22.6%,97,24.9%,204,52.4%,389,100.0%
234907   WILLS POINT ISD,22,13.6%,48,29.6%,92,56.8%,162,100.0%
153907   WILSON ISD,*,*,,,*,*,5,100.0%
105905   WIMBERLEY ISD,54,30.2%,55,30.7%,70,39.1%,179,100.0%
005904   WINDTHORST ISD,13,31.7%,9,22.0%,19,46.3%,41,100.0%
057828   WINFREE ACADEMY CHARTER SCHOOLS,7,1.9%,102,27.2%,266,70.9%,375,100.0%
248902   WINK-LOVING ISD,7,30.4%,9,39.1%,7,30.4%,23,100.0%
250907   WINNSBORO ISD,17,21.0%,15,18.5%,49,60.5%,81,100.0%
212910   WINONA ISD,5,8.8%,23,40.4%,29,50.9%,57,100.0%
200904   WINTERS ISD,14,35.0%,5,12.5%,21,52.5%,40,100.0%
174906   WODEN ISD,8,12.9%,16,25.8%,38,61.3%,62,100.0%
116909   WOLFE CITY ISD,11,28.2%,10,25.6%,18,46.2%,39,100.0%
196902   WOODSBORO ISD,*,*,*,*,16,47.1%,34,100.0%
224902   WOODSON ISD,*,*,*,*,,,9,100.0%
229903   WOODVILLE ISD,26,37.1%,14,20.0%,30,42.9%,70,100.0%
081905   WORTHAM ISD,*,*,*,*,14,43.8%,32,100.0%
043914   WYLIE ISD,119,16.8%,259,36.6%,329,46.5%,707,100.0%
221912   WYLIE ISD,43,20.2%,84,39.4%,86,40.4%,213,100.0%
250905   YANTIS ISD,*,*,*,*,11,78.6%,14,100.0%
101845   YES PREP PUBLIC SCHOOLS INC,82,41.6%,11,5.6%,104,52.8%,197,100.0%
062903   YOAKUM ISD,14,15.7%,37,41.6%,38,42.7%,89,100.0%
062904   YORKTOWN ISD,*,*,*,*,23,62.2%,37,100.0%
071905   YSLETA ISD,715,23.6%,"1,120",36.9%,"1,201",39.6%,"3,036",100.0%
253901   ZAPATA COUNTY ISD,49,27.7%,45,25.4%,83,46.9%,177,100.0%
003906   ZAVALLA ISD,5,17.2%,9,31.0%,15,51.7%,29,100.0%
025906   ZEPHYR ISD,*,*,,,5,62.5%,8,100.0%
